horizon_years,scenario_id,discounted_dalys_averted,discounted_deaths_averted,discounted_partial_direct_medical_savings_2025_cny,discounted_partial_public_payer_net_cost_2025_cny,discounted_programme_cost_2025_cny,partial_payer_icer_cny_per_daly,programme_only_icer_cny_per_daly,undiscounted_dalys_averted,undiscounted_incidence_averted,icer_ratio_of_means,statistics
5,S1,183101.13957622572,7964.197746916413,335438317.8701558,597502680.735499,843077198.2597792,4928.299332728842,6267.046284773792,201545.3881801906,173146.40365723296,4604.434468354594,PSA means; ICER is ratio of mean cost to mean DALY
5,S2,551036.8246966864,23967.12526769413,1011610404.2491044,3930446687.24106,4670914764.58248,8218.139872426369,9556.886824471318,606547.0978138603,519860.3088367266,8476.592770643862,PSA means; ICER is ratio of mean cost to mean DALY
5,S3,447682.073914716,19479.012750944246,818473740.8587023,8298757736.988922,8897841115.870684,20580.98552846879,21919.73248051374,492781.36694615067,422106.00631050864,19875.3571660002,PSA means; ICER is ratio of mean cost to mean DALY
5,S4,918998.1347701856,39984.19058936579,1681208948.4070008,377157581.6146282,1607713277.5713,540.3605192715389,1879.1074713164876,1011577.5410180922,866325.8695576544,1749.4195219159415,PSA means; ICER is ratio of mean cost to mean DALY
5,S5,440614.5891890889,19162.143440652053,802848827.3144225,275469634.8050575,863007068.0919279,935.2223387397704,2273.96929078472,484999.1331017152,416492.6237065774,1958.6438789514752,PSA means; ICER is ratio of mean cost to mean DALY
10,S1,753888.5363328274,34796.683190834345,1539765237.1913164,408365256.9401177,1535582285.9889543,1273.463200752493,2763.8560362068797,905926.2053415134,597350.4058063352,2036.8823930637725,PSA means; ICER is ratio of mean cost to mean DALY
10,S2,2269539.9896728983,104747.91909976248,4643331308.855644,8129230731.31382,11527804168.5722,4219.676314359223,5710.069149813608,2727279.25959784,1793826.0579397029,5079.357147715942,PSA means; ICER is ratio of mean cost to mean DALY
10,S3,2565633.443594923,119448.67307107706,5303347061.9262295,5302602318.081419,9184281915.486528,2424.7605663294607,3935.169118827084,3126811.0356536047,1990477.997912284,3579.7326926864757,PSA means; ICER is ratio of mean cost to mean DALY
10,S4,3784774.742100389,174757.9322357927,7721300980.535222,-2186062284.333659,3465228412.69948,-510.0917928733898,980.3010425809964,4548103.60975778,2989528.150453329,915.570581824488,PSA means; ICER is ratio of mean cost to mean DALY
10,S5,1814654.4012816052,83762.01945665662,3689585122.502761,-1230000735.0043278,1470042028.2699468,-552.8141376108149,937.5786978435711,2180643.977538724,1436936.1298040266,810.0947636264652,PSA means; ICER is ratio of mean cost to mean DALY
