year,annual_medical_bn,annual_gdp_equivalent_bn,cumulative_medical_bn,cumulative_gdp_equivalent_bn
2025,0.1038058177626294,3.3789484617663783,0.1038058177626294,3.3789484617663783
2026,0.8862093083848598,9.928654529938877,0.9900151261474892,13.307602991705252
2027,1.9130956026507235,16.216052045333896,2.9031107287982127,29.52365503703915
2028,3.3452431031672933,22.299088997541624,6.248353831965506,51.82274403458077
2029,5.138622196421901,28.27984879253999,11.386976028387409,80.10259282712076
2030,7.659277688667909,34.113534127759046,19.046253717055315,114.2161269548798
2031,10.705492536074134,39.7767319680801,29.751746253129447,153.9928589229599
2032,14.37985053727406,45.13655934665756,44.13159679040351,199.12941826961747
2033,18.91299501746707,50.020058336106025,63.044591807870574,249.1494766057235
2034,24.309738316479248,54.56824606974545,87.35433012434981,303.71772267546896
2035,27.356106258581978,53.385012186136905,114.7104363829318,357.1027348616059
2036,30.422037004032223,52.10519113690567,145.13247338696402,409.20792599851154
2037,33.40069202080013,50.80097861132617,178.53316540776416,460.0089046098377
2038,36.37056538629898,49.33046062401306,214.90373079406316,509.3393652338508
2039,39.33370975921089,47.67016405114711,254.23744055327404,557.0095292849979
2040,39.25278546687588,45.893697918971576,293.4902260201499,602.9032272039695
2041,39.08059485978644,44.08297109768456,332.5708208799364,646.9861983016541
2042,38.77932724465752,42.31791471033448,371.3501481245939,689.3041130119885
2043,38.37284132878619,40.61805387531015,409.7229894533801,729.9221668872987
2044,37.842140002189765,39.00978966347018,447.5651294555698,768.9319565507689
2045,37.166260021081285,37.52182951057116,484.7313894766511,806.45378606134
2046,36.37385088351794,36.12523800503752,521.105240360169,842.5790240663775
2047,35.4985284053418,34.80525953117027,556.6037687655107,877.3842835975478
2048,34.572188953345105,33.55064951536343,591.1759577188558,910.9349331129112
2049,33.67183351841209,32.3145779819056,624.8477912372679,943.2495110948169
2050,32.8257193962375,31.08171165550365,657.6735106335054,974.3312227503204
