outcome_id,component_id,outcome_name,component_name,target_exposure_group,target_reference_group,rr_inactive_vs_active,lower_95,upper_95,source_comparison,exact_proxy,model_age_range,source_age_range,sex_use,rr_source,source_location,approved_status,parent_parameter_status,component_specificity,pif_mode_main,pif_mode_is_only,interpretation_limit,log_sigma,pif_mode,stroke_mapping,rr_interface
depression,depression,Depression,Depression,<600 MET-min/week,>=600 MET-min/week,1.28,1.01,1.62,Lowest vs 150 min moderate-to-vigorous PA/week,proxy,20+,Not recorded in approved parent input,Both,"Schuch et al., 2018",Parent RR_main,APPROVED_PRESET_MAIN,proxy_lancet_replication,outcome-specific proxy,APPLY_BINARY_RR,APPLY_BINARY_RR,Exposure definition differs from the model threshold and remains proxy.,0.12052954550793997,APPLY_BINARY_RR,COMMON_STROKE_PIF,BINARY_INACTIVE_VS_ACTIVE
coronary_heart_disease,coronary_heart_disease,Coronary heart disease,Coronary heart disease,<600 MET-min/week,600-3999 MET-min/week,1.19,1.13,1.26,<600 vs 600-3999 MET-min/week total PA,exact,20+,Adult prospective cohorts; uniform model extrapolation to age 20+,Both,"Kyu et al., BMJ 2016",Parent RR_main,APPROVED_PRESET_MAIN,final_lancet_replication,outcome-specific exact,APPLY_BINARY_RR,APPLY_BINARY_RR,None.,0.027779104142637127,APPLY_BINARY_RR,COMMON_STROKE_PIF,BINARY_INACTIVE_VS_ACTIVE
stroke,ischemic_stroke,Stroke,Ischemic stroke,<600 MET-min/week,600-3999 MET-min/week,1.19,1.09,1.28,<600 vs 600-3999 MET-min/week total PA,exact,20+,Adult prospective cohorts; uniform model extrapolation to age 20+,Both,"Kyu et al., BMJ 2016 Table 1; reverse of 0.843 (0.779-0.918)",Approved scientific decision 2026-08-25,APPROVED_PRESET_MAIN,approved_scientific_decision,ischemic-stroke-specific RR,APPLY_COMMON_STROKE_PIF,APPLY_IS_RR,Source RR is ischemic-stroke-specific; main analysis reports total stroke after component allocation.,0.0409904034924677,APPLY_COMMON_STROKE_PIF,COMMON_STROKE_PIF,BINARY_INACTIVE_VS_ACTIVE
stroke,intracerebral_hemorrhage,Stroke,Intracerebral hemorrhage,<600 MET-min/week,600-3999 MET-min/week,1.19,1.09,1.28,<600 vs 600-3999 MET-min/week total PA,exact,20+,Adult prospective cohorts; uniform model extrapolation to age 20+,Both,"Kyu et al., BMJ 2016 Table 1; IS-specific source used only to calculate common stroke PIF",Approved common-stroke-PIF mapping decision 2026-08-25,APPROVED_PRESET_MAIN,approved_component_mapping,common PIF allocation; not an ICH RR,APPLY_COMMON_STROKE_PIF,ZERO_PIF,Must not be interpreted or reported as an ICH-specific RR.,0.0409904034924677,APPLY_COMMON_STROKE_PIF,COMMON_STROKE_PIF,BINARY_INACTIVE_VS_ACTIVE
stroke,subarachnoid_hemorrhage,Stroke,Subarachnoid hemorrhage,<600 MET-min/week,600-3999 MET-min/week,1.19,1.09,1.28,<600 vs 600-3999 MET-min/week total PA,exact,20+,Adult prospective cohorts; uniform model extrapolation to age 20+,Both,"Kyu et al., BMJ 2016 Table 1; IS-specific source used only to calculate common stroke PIF",Approved common-stroke-PIF mapping decision 2026-08-25,APPROVED_PRESET_MAIN,approved_component_mapping,common PIF allocation; not an SAH RR,APPLY_COMMON_STROKE_PIF,ZERO_PIF,Must not be interpreted or reported as an SAH-specific RR.,0.0409904034924677,APPLY_COMMON_STROKE_PIF,COMMON_STROKE_PIF,BINARY_INACTIVE_VS_ACTIVE
type2_diabetes,type2_diabetes,Type 2 diabetes,Type 2 diabetes,<600 MET-min/week,600-3999 MET-min/week,1.17,1.11,1.23,<600 vs 600-3999 MET-min/week total PA,exact,20+,Adult prospective cohorts; uniform model extrapolation to age 20+,Both,"Kyu et al., 2016",Parent RR_main,APPROVED_PRESET_MAIN,final_lancet_replication,outcome-specific exact,APPLY_BINARY_RR,APPLY_BINARY_RR,None.,0.026187284199000835,APPLY_BINARY_RR,COMMON_STROKE_PIF,BINARY_INACTIVE_VS_ACTIVE
hypertension,hypertension,Hypertension,Hypertension,<600 MET-min/week,>=600 MET-min/week,1.06,1.03,1.09,None vs 10 MET-hour/week leisure-time PA,proxy,20+,Not recorded in approved parent input,Both,"Liu et al., 2017",Parent RR_main,APPROVED_PRESET_MAIN,proxy_lancet_replication,outcome-specific proxy,APPLY_BINARY_RR,APPLY_BINARY_RR,Exposure definition differs from the model threshold and remains proxy.,0.01444359540803775,APPLY_BINARY_RR,COMMON_STROKE_PIF,BINARY_INACTIVE_VS_ACTIVE
bladder_cancer,bladder_cancer,Bladder cancer,Bladder cancer,<600 MET-min/week,>=600 MET-min/week,1.08,0.93,1.25,None vs 7.5-14.9 MET-hour/week leisure-time PA,proxy,20+,Not recorded in approved parent input,Both,"Matthews et al., 2020",Parent RR_main,APPROVED_PRESET_MAIN,proxy_lancet_replication,outcome-specific proxy,APPLY_BINARY_RR,APPLY_BINARY_RR,Exposure definition differs; CI crossing one is retained without truncation.,0.07543730718087886,APPLY_BINARY_RR,COMMON_STROKE_PIF,BINARY_INACTIVE_VS_ACTIVE
breast_cancer,breast_cancer,Breast cancer,Breast cancer,<600 MET-min/week,>=600 MET-min/week,1.09,1.03,1.15,None vs 7.5-14.9 MET-hour/week leisure-time PA,proxy,20+,Not recorded in approved parent input,Female,"Matthews et al., 2020",Parent RR_main,APPROVED_PRESET_MAIN,proxy_lancet_replication,outcome-specific proxy,APPLY_BINARY_RR,APPLY_BINARY_RR,Female-only; exposure definition differs and remains proxy.,0.028113045952452603,APPLY_BINARY_RR,COMMON_STROKE_PIF,BINARY_INACTIVE_VS_ACTIVE
colon_cancer,colon_cancer,Colon cancer,Colon and rectum cancer component,<600 MET-min/week,>=600 MET-min/week,1.11,1.03,1.19,None vs 7.5-14.9 MET-hour/week leisure-time PA,proxy,20+,Not recorded in approved parent input,Both,"Matthews et al., 2020",Parent RR_main,APPROVED_PRESET_MAIN,proxy_lancet_replication,outcome-to-GBD proxy,APPLY_BINARY_RR,APPLY_BINARY_RR,Colon RR is mapped to the GBD colon-and-rectum component and remains proxy.,0.036835332878034074,APPLY_BINARY_RR,COMMON_STROKE_PIF,BINARY_INACTIVE_VS_ACTIVE
endometrial_cancer,endometrial_cancer,Endometrial cancer,Uterine cancer GBD component,<600 MET-min/week,>=600 MET-min/week,1.09,0.96,1.22,None vs 7.5-14.9 MET-hour/week leisure-time PA,proxy,20+,Not recorded in approved parent input,Female,"Matthews et al., 2020",Parent RR_main,APPROVED_PRESET_MAIN,proxy_lancet_replication,outcome-to-GBD proxy,APPLY_BINARY_RR,APPLY_BINARY_RR,Endometrial RR is mapped to the GBD uterine component; CI crossing one is retained.,0.0611410339962807,APPLY_BINARY_RR,COMMON_STROKE_PIF,BINARY_INACTIVE_VS_ACTIVE
oesophageal_cancer,oesophageal_cancer,Oesophageal cancer,Oesophageal cancer,<600 MET-min/week,>=600 MET-min/week,1.28,0.85,1.96,None vs 7.5-14.9 MET-hour/week leisure-time PA,proxy,20+,Not recorded in approved parent input,Both,"Matthews et al., 2020",Parent RR_main,APPROVED_PRESET_MAIN,proxy_lancet_replication,outcome-specific proxy,APPLY_BINARY_RR,APPLY_BINARY_RR,Exposure definition differs; CI crossing one is retained without truncation.,0.21312841906637772,APPLY_BINARY_RR,COMMON_STROKE_PIF,BINARY_INACTIVE_VS_ACTIVE
gastric_cancer,gastric_cancer,Gastric cancer,Gastric cancer,<600 MET-min/week,>=600 MET-min/week,1.27,0.93,1.69,None vs 7.5-14.9 MET-hour/week leisure-time PA,proxy,20+,Not recorded in approved parent input,Both,"Matthews et al., 2020",Parent RR_main,APPROVED_PRESET_MAIN,proxy_lancet_replication,outcome-specific proxy,APPLY_BINARY_RR,APPLY_BINARY_RR,Exposure definition differs; CI crossing one is retained without truncation.,0.15237225045148406,APPLY_BINARY_RR,COMMON_STROKE_PIF,BINARY_INACTIVE_VS_ACTIVE
renal_cancer,renal_cancer,Renal cancer,Renal cancer,<600 MET-min/week,>=600 MET-min/week,1.28,1.06,1.54,None vs 7.5-14.9 MET-hour/week leisure-time PA,proxy,20+,Not recorded in approved parent input,Both,"Matthews et al., 2020",Parent RR_main,APPROVED_PRESET_MAIN,proxy_lancet_replication,outcome-specific proxy,APPLY_BINARY_RR,APPLY_BINARY_RR,Exposure definition differs and remains proxy.,0.09528405824019438,APPLY_BINARY_RR,COMMON_STROKE_PIF,BINARY_INACTIVE_VS_ACTIVE
dementia,dementia,Dementia,Dementia,<600 MET-min/week,>=600 MET-min/week,1.4,1.2,1.7,Low vs moderate-to-vigorous PA,proxy,20+,Not recorded in approved parent input,Both,"Kivimaki et al., 2019",Parent RR_main,APPROVED_PRESET_MAIN,proxy_lancet_replication,outcome-specific proxy,APPLY_BINARY_RR,APPLY_BINARY_RR,Exposure and older-age applicability differ and remain explicit limitations.,0.08885374853781015,APPLY_BINARY_RR,COMMON_STROKE_PIF,BINARY_INACTIVE_VS_ACTIVE
