协调活动,代理单位价格（2025 CNY）,数量单位/规则,来源/假设依据
组合治理架构、职责分工及任务依赖关系设计,60.2142 元/小时,2025完整设计2080 h；2028/2031按20%更新（416 h）,2025 CNY；S5治理/合同/绩效管理同质价格代理
年度项目管理协调、风险与变更控制,60.2142 元/小时,部署期中央8 名全职当量人员+每省0.25 名全职当量人员；2030后中央6 名全职当量人员+每省0.20 名全职当量人员,2025 CNY；S5治理管理同质价格代理
统一采购策略、模板和共同招标设计,60.2142 元/小时,2025 1280 h；2028/2031按30%更新（384 h）,2025 CNY；S5合同/供应商管理价格代理
年度合同、变更与供应商绩效管理,60.2142 元/小时,部署期中央4 名全职当量人员+每省0.125 名全职当量人员；2030后中央3 名全职当量人员+每省0.10 名全职当量人员,2025 CNY；S5合同/供应商管理价格代理
共享品牌资产登记、授权和跨模块治理,116.4741 元/小时,首次覆盖省份40 h/省；之后中央264 h/年+8 h/省年,2025 CNY；50% S5治理+50% S4培训/质量控制专家
跨模块数据治理与隐私安全协调,125.3790 元/小时,部署期中央4 名全职当量人员+每省0.0625 名全职当量人员；2030后中央3.5 名全职当量人员+每省0.05 名全职当量人员,2025 CNY；S5安全/权限/审计专业劳动代理
通用课程和母课件开发,172.7340 元/小时,2025 2080 h；2026–2029每年20%更新；2030后10%更新,2025 CNY；S4培训师/质控专家价格
通用培训组织和授课,220.1253 元/小时,5路径×活跃单元×2次/年（2030后1次）×8 h；授课与组织1:1,2025 CNY；50% S2授课400元/h+50% S5组织劳动40.2505元/h
组合指标、数据流和报告框架设计,163.3788 元/小时,2025 2080 h；2026–2029每年20%更新；2030后10%更新,2025 CNY；40%数据安全+40%监测评价与质量控制+20%IT配置
年度综合监测、分析和报告,75.1560 元/小时,部署期中央4 名全职当量人员+每省0.125 名全职当量人员；2030后中央3 名全职当量人员+每省0.10 名全职当量人员,2025 CNY；S4数据/行政人员价格，S2专业工资交叉核验
独立总体审计和质量复核,"195,585 元/评价/审计包",每个活跃协调单元每年1个第三方评价/审计包,2025 CNY；S2第三方绩效评价采购包代理
跨模块办公、会议和培训空间,0.9677 元/平方米小时,每单元80 m²×8 h×12次/年；2030后10次/年,2025 CNY；S4空间活跃服务小时价格
公共行政设备和会议设备,"145,900 元/设备/运维组合包",启用时每单元1包；6年后按原批次替换,2025 CNY；S5办公设备+信息系统运维组合包代理；寿命6年
