sex,age_group,representative_age,model_population_2025,raw_pchip_prevalence,hypertension_prevalence_2025,lower_95,upper_95,sex_target_20plus,sex_target_lower,sex_target_upper,logit_calibration_shift,derivation_method,age_group_note,analysis_role,parameter_status,shape_source_url,calibration_source_url
Male,20-24,22.0,38258425.0,0.11230825005101001,0.14664013467345322,0.13711911755564457,0.15591358475858888,0.37619771117945733,0.35969323664533687,0.3916706560551953,0.306177412281594,logit-PCHIP + sex-specific national logit calibration,model age midpoint,main,derived_final_for_current_model,https://ora.ox.ac.uk/objects/uuid%3A940ae216-8661-4f1e-b1bb-b9b587c716dc/files/m065f81ec514b063ba6f38ddce2c6ad77,https://www.cell.com/med/fulltext/S2666-6340(25)00235-1
Male,25-29,27.0,43764250.0,0.137635944913723,0.17815644468202121,0.16698957046550703,0.18898159226390085,0.37619771117945733,0.35969323664533687,0.3916706560551953,0.306177412281594,logit-PCHIP + sex-specific national logit calibration,model age midpoint,main,derived_final_for_current_model,https://ora.ox.ac.uk/objects/uuid%3A940ae216-8661-4f1e-b1bb-b9b587c716dc/files/m065f81ec514b063ba6f38ddce2c6ad77,https://www.cell.com/med/fulltext/S2666-6340(25)00235-1
Male,30-34,32.0,57881750.0,0.17117509710461118,0.21906139321882653,0.20597317068477852,0.23167137434541812,0.37619771117945733,0.35969323664533687,0.3916706560551953,0.306177412281594,logit-PCHIP + sex-specific national logit calibration,model age midpoint,main,derived_final_for_current_model,https://ora.ox.ac.uk/objects/uuid%3A940ae216-8661-4f1e-b1bb-b9b587c716dc/files/m065f81ec514b063ba6f38ddce2c6ad77,https://www.cell.com/med/fulltext/S2666-6340(25)00235-1
Male,35-39,37.0,55199425.0,0.21525375333219418,0.2714327704237949,0.25624222219577786,0.2859535627118841,0.37619771117945733,0.35969323664533687,0.3916706560551953,0.306177412281594,logit-PCHIP + sex-specific national logit calibration,model age midpoint,main,derived_final_for_current_model,https://ora.ox.ac.uk/objects/uuid%3A940ae216-8661-4f1e-b1bb-b9b587c716dc/files/m065f81ec514b063ba6f38ddce2c6ad77,https://www.cell.com/med/fulltext/S2666-6340(25)00235-1
Male,40-44,42.0,49270075.0,0.25965606589464135,0.3226588450344932,0.30580477297880854,0.338646285818952,0.37619771117945733,0.35969323664533687,0.3916706560551953,0.306177412281594,logit-PCHIP + sex-specific national logit calibration,model age midpoint,main,derived_final_for_current_model,https://ora.ox.ac.uk/objects/uuid%3A940ae216-8661-4f1e-b1bb-b9b587c716dc/files/m065f81ec514b063ba6f38ddce2c6ad77,https://www.cell.com/med/fulltext/S2666-6340(25)00235-1
Male,45-49,47.0,51811225.00000001,0.302605081270508,0.37080944779128155,0.3527500842071595,0.3878166883425382,0.37619771117945733,0.35969323664533687,0.3916706560551953,0.306177412281594,logit-PCHIP + sex-specific national logit calibration,model age midpoint,main,derived_final_for_current_model,https://ora.ox.ac.uk/objects/uuid%3A940ae216-8661-4f1e-b1bb-b9b587c716dc/files/m065f81ec514b063ba6f38ddce2c6ad77,https://www.cell.com/med/fulltext/S2666-6340(25)00235-1
Male,50-54,52.0,62964050.0,0.34807435800546277,0.42034995316780566,0.40141714994054084,0.4380474651501711,0.37619771117945733,0.35969323664533687,0.3916706560551953,0.306177412281594,logit-PCHIP + sex-specific national logit calibration,model age midpoint,main,derived_final_for_current_model,https://ora.ox.ac.uk/objects/uuid%3A940ae216-8661-4f1e-b1bb-b9b587c716dc/files/m065f81ec514b063ba6f38ddce2c6ad77,https://www.cell.com/med/fulltext/S2666-6340(25)00235-1
Male,55-59,57.0,57599399.99999999,0.3952590540210513,0.470264784071623,0.4508323570041346,0.48829350692522433,0.37619771117945733,0.35969323664533687,0.3916706560551953,0.306177412281594,logit-PCHIP + sex-specific national logit calibration,model age midpoint,main,derived_final_for_current_model,https://ora.ox.ac.uk/objects/uuid%3A940ae216-8661-4f1e-b1bb-b9b587c716dc/files/m065f81ec514b063ba6f38ddce2c6ad77,https://www.cell.com/med/fulltext/S2666-6340(25)00235-1
Male,60-64,62.0,35011400.0,0.4505886101963575,0.526945034954468,0.5074139170184978,0.544911504704809,0.37619771117945733,0.35969323664533687,0.3916706560551953,0.306177412281594,logit-PCHIP + sex-specific national logit calibration,model age midpoint,main,derived_final_for_current_model,https://ora.ox.ac.uk/objects/uuid%3A940ae216-8661-4f1e-b1bb-b9b587c716dc/files/m065f81ec514b063ba6f38ddce2c6ad77,https://www.cell.com/med/fulltext/S2666-6340(25)00235-1
Male,65-69,67.0,38399600.0,0.5133672707851231,0.5889579430830111,0.5698973665352025,0.6063287334014945,0.37619771117945733,0.35969323664533687,0.3916706560551953,0.306177412281594,logit-PCHIP + sex-specific national logit calibration,model age midpoint,main,derived_final_for_current_model,https://ora.ox.ac.uk/objects/uuid%3A940ae216-8661-4f1e-b1bb-b9b587c716dc/files/m065f81ec514b063ba6f38ddce2c6ad77,https://www.cell.com/med/fulltext/S2666-6340(25)00235-1
Male,70+,,60987600.0,0.5239465840998421,0.5991769934802248,0.5802525624519382,0.6163972045350292,0.37619771117945733,0.35969323664533687,0.3916706560551953,0.306177412281594,logit-PCHIP + sex-specific national logit calibration,WPP single-age weighted 70+,main,derived_final_for_current_model,https://ora.ox.ac.uk/objects/uuid%3A940ae216-8661-4f1e-b1bb-b9b587c716dc/files/m065f81ec514b063ba6f38ddce2c6ad77,https://www.cell.com/med/fulltext/S2666-6340(25)00235-1
Female,20-24,22.0,33740825.0,0.06789901464262253,0.0655889265924607,0.05907278540509648,0.07210658750734412,0.26833560678453494,0.24984808941335912,0.28579603985731206,-0.03708994343310829,logit-PCHIP + sex-specific national logit calibration,model age midpoint,main,derived_final_for_current_model,https://ora.ox.ac.uk/objects/uuid%3A940ae216-8661-4f1e-b1bb-b9b587c716dc/files/m065f81ec514b063ba6f38ddce2c6ad77,https://www.cell.com/med/fulltext/S2666-6340(25)00235-1
Female,25-29,27.0,39387825.0,0.08006692668959849,0.07737722314136268,0.06977739164969378,0.08495979377310027,0.26833560678453494,0.24984808941335912,0.28579603985731206,-0.03708994343310829,logit-PCHIP + sex-specific national logit calibration,model age midpoint,main,derived_final_for_current_model,https://ora.ox.ac.uk/objects/uuid%3A940ae216-8661-4f1e-b1bb-b9b587c716dc/files/m065f81ec514b063ba6f38ddce2c6ad77,https://www.cell.com/med/fulltext/S2666-6340(25)00235-1
Female,30-34,32.0,55058250.0,0.09729051367966564,0.09408138771693365,0.0849920441976136,0.10311792832987406,0.26833560678453494,0.24984808941335912,0.28579603985731206,-0.03708994343310829,logit-PCHIP + sex-specific national logit calibration,model age midpoint,main,derived_final_for_current_model,https://ora.ox.ac.uk/objects/uuid%3A940ae216-8661-4f1e-b1bb-b9b587c716dc/files/m065f81ec514b063ba6f38ddce2c6ad77,https://www.cell.com/med/fulltext/S2666-6340(25)00235-1
Female,35-39,37.0,52234750.0,0.12225846942315392,0.11833373509914812,0.10717854115833886,0.12936707022418845,0.26833560678453494,0.24984808941335912,0.28579603985731206,-0.03708994343310829,logit-PCHIP + sex-specific national logit calibration,model age midpoint,main,derived_final_for_current_model,https://ora.ox.ac.uk/objects/uuid%3A940ae216-8661-4f1e-b1bb-b9b587c716dc/files/m065f81ec514b063ba6f38ddce2c6ad77,https://www.cell.com/med/fulltext/S2666-6340(25)00235-1
Female,40-44,42.0,46870100.0,0.16668077886601013,0.16159253706004054,0.14703948239323497,0.17585479165925283,0.26833560678453494,0.24984808941335912,0.28579603985731206,-0.03708994343310829,logit-PCHIP + sex-specific national logit calibration,model age midpoint,main,derived_final_for_current_model,https://ora.ox.ac.uk/objects/uuid%3A940ae216-8661-4f1e-b1bb-b9b587c716dc/files/m065f81ec514b063ba6f38ddce2c6ad77,https://www.cell.com/med/fulltext/S2666-6340(25)00235-1
Female,45-49,47.0,49834775.0,0.2500187982153004,0.24312875806512874,0.22318731547251627,0.2623357009233292,0.26833560678453494,0.24984808941335912,0.28579603985731206,-0.03708994343310829,logit-PCHIP + sex-specific national logit calibration,model age midpoint,main,derived_final_for_current_model,https://ora.ox.ac.uk/objects/uuid%3A940ae216-8661-4f1e-b1bb-b9b587c716dc/files/m065f81ec514b063ba6f38ddce2c6ad77,https://www.cell.com/med/fulltext/S2666-6340(25)00235-1
Female,50-54,52.0,61834650.0,0.33013336050721714,0.3219833749155801,0.29812179831665236,0.34458365711008526,0.26833560678453494,0.24984808941335912,0.28579603985731206,-0.03708994343310829,logit-PCHIP + sex-specific national logit calibration,model age midpoint,main,derived_final_for_current_model,https://ora.ox.ac.uk/objects/uuid%3A940ae216-8661-4f1e-b1bb-b9b587c716dc/files/m065f81ec514b063ba6f38ddce2c6ad77,https://www.cell.com/med/fulltext/S2666-6340(25)00235-1
Female,55-59,57.0,57317050.0,0.3989676930087843,0.39010801909093495,0.3639075510023387,0.41456629000511624,0.26833560678453494,0.24984808941335912,0.28579603985731206,-0.03708994343310829,logit-PCHIP + sex-specific national logit calibration,model age midpoint,main,derived_final_for_current_model,https://ora.ox.ac.uk/objects/uuid%3A940ae216-8661-4f1e-b1bb-b9b587c716dc/files/m065f81ec514b063ba6f38ddce2c6ad77,https://www.cell.com/med/fulltext/S2666-6340(25)00235-1
Female,60-64,62.0,35293750.0,0.4647991740299706,0.45558573148409404,0.42807426869475895,0.48091216922429064,0.26833560678453494,0.24984808941335912,0.28579603985731206,-0.03708994343310829,logit-PCHIP + sex-specific national logit calibration,model age midpoint,main,derived_final_for_current_model,https://ora.ox.ac.uk/objects/uuid%3A940ae216-8661-4f1e-b1bb-b9b587c716dc/files/m065f81ec514b063ba6f38ddce2c6ad77,https://www.cell.com/med/fulltext/S2666-6340(25)00235-1
Female,65-69,67.0,39670175.0,0.5268274652378719,0.5175735263857506,0.48968576392549795,0.5429094888760433,0.26833560678453494,0.24984808941335912,0.28579603985731206,-0.03708994343310829,logit-PCHIP + sex-specific national logit calibration,model age midpoint,main,derived_final_for_current_model,https://ora.ox.ac.uk/objects/uuid%3A940ae216-8661-4f1e-b1bb-b9b587c716dc/files/m065f81ec514b063ba6f38ddce2c6ad77,https://www.cell.com/med/fulltext/S2666-6340(25)00235-1
Female,70+,,40799575.0,0.5534524647334159,0.544268796708308,0.5164825748504,0.5693692531507872,0.26833560678453494,0.24984808941335912,0.28579603985731206,-0.03708994343310829,logit-PCHIP + sex-specific national logit calibration,WPP single-age weighted 70+,main,derived_final_for_current_model,https://ora.ox.ac.uk/objects/uuid%3A940ae216-8661-4f1e-b1bb-b9b587c716dc/files/m065f81ec514b063ba6f38ddce2c6ad77,https://www.cell.com/med/fulltext/S2666-6340(25)00235-1
