batch_id,draws,seed,draw_offset,run_type,status
1,500,2026081001,0,FORMAL,FORMAL
2,500,2026081002,500,FORMAL,FORMAL
3,500,2026081003,1000,FORMAL,FORMAL
4,500,2026081004,1500,FORMAL,FORMAL
5,500,2026081005,2000,FORMAL,FORMAL
6,500,2026081006,2500,FORMAL,FORMAL
7,500,2026081007,3000,FORMAL,FORMAL
8,500,2026081008,3500,FORMAL,FORMAL
9,500,2026081009,4000,FORMAL,FORMAL
10,500,2026081010,4500,FORMAL,FORMAL
11,500,2026081011,5000,FORMAL,FORMAL
12,500,2026081012,5500,FORMAL,FORMAL
13,500,2026081013,6000,FORMAL,FORMAL
14,500,2026081014,6500,FORMAL,FORMAL
15,500,2026081015,7000,FORMAL,FORMAL
16,500,2026081016,7500,FORMAL,FORMAL
17,500,2026081017,8000,FORMAL,FORMAL
18,500,2026081018,8500,FORMAL,FORMAL
19,500,2026081019,9000,FORMAL,FORMAL
20,500,2026081020,9500,FORMAL,FORMAL
