checkpoint_draws,scenario_id,horizon_years,metric,cumulative_mean,cumulative_sd,standard_error,relative_standard_error
25,S6,10,discounted_dalys_averted,5629500.581223687,1127317.2960010013,225463.45920020025,0.04005034832968987
25,S6,10,discounted_programme_cost_2025_cny,24950597605.500122,5505465122.334855,1101093024.466971,0.044130927919107055
25,S6,10,discounted_partial_public_payer_net_cost_2025_cny,16964577623.21568,7004051617.944743,1400810323.5889487,0.08257266138309087
50,S6,10,discounted_dalys_averted,5766371.597402171,984949.4420801094,139292.88592415038,0.02415607172921421
50,S6,10,discounted_programme_cost_2025_cny,24659688591.51127,5613432968.505007,793859303.5532043,0.03219259240063877
50,S6,10,discounted_partial_public_payer_net_cost_2025_cny,16957042744.478907,6792240342.271835,960567841.0938503,0.0566471321425786
100,S6,10,discounted_dalys_averted,5836134.143172222,1127364.9251685475,112736.49251685475,0.019316981027371827
100,S6,10,discounted_programme_cost_2025_cny,25496294055.586773,6625696455.515047,662569645.5515047,0.025986900061121698
100,S6,10,discounted_partial_public_payer_net_cost_2025_cny,17440929458.236073,7811381513.394142,781138151.3394142,0.0447876446728325
150,S6,10,discounted_dalys_averted,5949057.0955787795,1281852.574714066,104662.82445074373,0.01759317867843747
150,S6,10,discounted_programme_cost_2025_cny,25601920377.069706,7394300895.226477,603742139.9303242,0.02358190835055734
150,S6,10,discounted_partial_public_payer_net_cost_2025_cny,17183581764.971848,9156718362.846903,747642923.5782621,0.04350914342563359
200,S6,10,discounted_dalys_averted,5935717.182604351,1297309.8724864542,91733.6608135427,0.015454520151732314
200,S6,10,discounted_programme_cost_2025_cny,26069345035.257145,8007178396.672332,566193014.2457433,0.021718728011003073
200,S6,10,discounted_partial_public_payer_net_cost_2025_cny,17881641830.323444,9508137410.915827,672326843.9712083,0.037598719980571675
500,S6,10,discounted_dalys_averted,5886440.230835022,1353700.4156365646,60539.32301066155,0.01028453881066142
500,S6,10,discounted_programme_cost_2025_cny,25729851001.042267,7791265380.413371,348435980.4269011,0.013542090873856464
500,S6,10,discounted_partial_public_payer_net_cost_2025_cny,16993502644.190594,9445616441.875685,422420809.0684744,0.0248577834666053
1000,S6,10,discounted_dalys_averted,5897833.092914665,1353378.5021745968,42797.5860317887,0.007256493250581028
1000,S6,10,discounted_programme_cost_2025_cny,25960354507.327606,7740965821.423019,244790832.85212982,0.009429410248732728
1000,S6,10,discounted_partial_public_payer_net_cost_2025_cny,17122789407.359152,9317285366.612722,294638433.6825316,0.01720738523805589
2000,S6,10,discounted_dalys_averted,5881920.944316256,1324630.3132386536,29619.63425458469,0.0050357076429608195
2000,S6,10,discounted_programme_cost_2025_cny,25828058832.339672,7682456545.827061,171784950.70657536,0.006651098010179574
2000,S6,10,discounted_partial_public_payer_net_cost_2025_cny,16996621391.863768,9150130845.516945,204603145.73593515,0.012037871587460204
5000,S6,10,discounted_dalys_averted,5858290.865472267,1341972.7501475704,18978.36063593815,0.0032395729525471766
5000,S6,10,discounted_programme_cost_2025_cny,25812500489.16694,7680725593.692821,108621863.03466529,0.004208110836850231
5000,S6,10,discounted_partial_public_payer_net_cost_2025_cny,16873087252.363848,9165389541.783699,129618181.94423033,0.007681948182071505
10000,S6,10,discounted_dalys_averted,5878366.47976911,1343693.776985598,13436.93776985598,0.002285828523298152
10000,S6,10,discounted_programme_cost_2025_cny,25904162861.335445,7697843213.619739,76978432.13619739,0.002971662606827391
10000,S6,10,discounted_partial_public_payer_net_cost_2025_cny,17005981034.794188,9197710050.199236,91977100.50199236,0.0054085148227442734
