"Path","Bytes","Modified","Reason"
".gitignore","215","2026-08-03T23:47:04","Not selected for structured import; recorded for owner review"
"ALLdis_GBD2010_2023更新与正式PSA候选审计_v1.3.xlsx","88062","2026-08-03T01:23:21","Historical/generated audit artifact"
"audit_gbd_update\00_GBD更新QC.csv","540","2026-08-03T01:01:27","Historical/generated audit artifact"
"audit_gbd_update\01_WPP2018_2023重叠核对.csv","6435","2026-08-03T01:01:27","Historical/generated audit artifact"
"audit_gbd_update\02_GBD负担2017_2018拼接核对.csv","166372","2026-08-03T01:01:27","Historical/generated audit artifact"
"audit_gbd_update\03_GBD病例2017_2018拼接核对.csv","77111","2026-08-03T01:01:27","Historical/generated audit artifact"
"audit_gbd_update\GBD_UPDATE_SUMMARY.json","450","2026-08-03T01:01:27","Historical/generated audit artifact"
"china-pa-all-dis-cea_github_ready_v1.0.zip","102710584","2026-08-03T23:54:59","Outer source archive; do not upload with extracted content"
"data\D4_partial_medical_savings_detail.csv.gz","49594","2026-08-03T01:16:47","Detailed derived intermediate; aggregate output retained"
"data\GBD_burden_projection_2025_2050.csv.gz","1397679","2026-08-03T01:16:22","GBD-derived input; redistribution pending"
"data\GBD_cases_projection_2025_2050.csv.gz","727314","2026-08-03T01:16:23","GBD-derived input; redistribution pending"
"data\health_burden_detail_primary.csv.gz","11239318","2026-08-03T01:16:38","GBD-derived input; redistribution pending"
"data\health_cases_detail_primary.csv.gz","5905078","2026-08-03T01:16:46","GBD-derived input; redistribution pending"
"data\hypertension_detail_primary.csv.gz","286822","2026-08-03T01:16:47","GBD-derived input; redistribution pending"
"data\PA_trajectory_primary.csv.gz","109188","2026-08-03T01:16:23","GBD-derived input; redistribution pending"
"docs\新对话完整提示词_13病种Lancet与RAND对标_v1.0.txt","6874","2026-08-03T23:43:08","Internal prompt/non-delivery artifact"
"FILE_MANIFEST_v1.3.csv","14687","2026-08-03T01:27:46","Historical/generated audit artifact"
"FINAL_QC_MANIFEST_v1.3.json","817","2026-08-03T01:27:46","Historical/generated audit artifact"
"formal_psa_raw_archive\psa_formal.rar","65966558","2026-08-03T23:43:08","Archive or draw-level PSA intermediate"
"formal_psa_results_v1.4\tables\09_S6_vs_S4_incremental_draws.csv.gz","1353448","2026-08-03T02:10:28","Archive or draw-level PSA intermediate"
"input\cvd_v16_core\gbd_ihd_is_annual_2025_2034.csv","192779","2026-08-02T20:44:32","GBD-derived input; redistribution pending"
"input\cvd_v16_core\gbd_ihd_is_history_2018_2023.csv","100360","2026-08-02T20:44:32","GBD-derived input; redistribution pending"
"input\cvd_v16_core\gbd_ihd_is_psa_parameters.csv","46952","2026-08-02T20:44:32","GBD-derived input; redistribution pending"
"input\cvd_v16_core\population_annual_2025_2034.csv","55773","2026-08-02T20:44:32","Not selected for structured import; recorded for owner review"
"input\cvd_v16_core\population_historical_2018_2023.csv","36911","2026-08-02T20:44:32","Not selected for structured import; recorded for owner review"
"input\cvd_v16_core\rr_3level_ihd_is.csv","1069","2026-08-02T20:44:32","Not selected for structured import; recorded for owner review"
"input\gbd_raw_2010_2017\IHME-GBD_2023_DATA-29b34249-1.zip","37258","2026-08-03T00:48:03","Restricted IHME raw data"
"input\gbd_raw_2010_2017\IHME-GBD_2023_DATA-4fe62769-1.zip","597262","2026-08-03T00:48:02","Restricted IHME raw data"
"input\gbd_raw_2010_2017\IHME-GBD_2023_DATA-cd550c69-1.zip","55585","2026-08-03T00:48:03","Restricted IHME raw data"
"input\gbd_standardized\GBD_burden_components.csv.gz","564367","2026-08-03T01:01:05","GBD-derived input; redistribution pending"
"input\gbd_standardized\GBD_cases_components.csv.gz","302296","2026-08-03T01:01:05","GBD-derived input; redistribution pending"
"input\gbd_standardized\README_GBD替换接口.md","1292","2026-08-03T01:26:35","GBD-derived input; redistribution pending"
"input\INPUT_PROVENANCE.json","5685","2026-08-03T01:01:27","Not selected for structured import; recorded for owner review"
"input\parent\中国20岁以上成年人身体活动不足13结局综合政策CEA父数据库_v1.xlsx","2369129","2026-08-02T21:25:16","Parent research database; redistribution/privacy review pending"
"input\policy_costs_long_term\policy_cost_2025_2050_D9_main_interim.csv","1174379","2026-08-02T21:06:16","Not selected for structured import; recorded for owner review"
"input\policy_costs_long_term\policy_cost_2035_2050_D9_sensitivity_provisional.csv","2280884","2026-08-02T22:13:32","Not selected for structured import; recorded for owner review"
"input\population\WPP2024_China_age_sex_2025_2050.csv","581172","2026-08-02T03:34:43","Not selected for structured import; recorded for owner review"
"input\population\WPP2024_China_age_sex_history.csv","118133","2026-08-03T01:01:27","Not selected for structured import; recorded for owner review"
"input\psa\gbd_burden_psa_parameters_v1.2.csv.gz","66066","2026-08-03T01:10:45","GBD-derived input; redistribution pending"
"input\psa\gbd_incidence_psa_parameters_v1.2.csv.gz","24496","2026-08-03T01:10:45","GBD-derived input; redistribution pending"
"psa_smoke_recheck\batch_01\00_QC.csv","436","2026-08-03T01:22:43","Historical smoke-test output"
"psa_smoke_recheck\batch_01\01_joint_PSA_draws.csv.gz","312878","2026-08-03T01:22:43","Archive or draw-level PSA intermediate"
"psa_smoke_recheck\batch_01\01B_draw_audit.csv.gz","40689","2026-08-03T01:22:43","Archive or draw-level PSA intermediate"
"psa_smoke_recheck\batch_01\run_manifest.json","551","2026-08-03T01:22:43","Historical smoke-test output"
"psa_smoke_recheck\batch_02\00_QC.csv","438","2026-08-03T01:22:43","Historical smoke-test output"
"psa_smoke_recheck\batch_02\01_joint_PSA_draws.csv.gz","312940","2026-08-03T01:22:43","Archive or draw-level PSA intermediate"
"psa_smoke_recheck\batch_02\01B_draw_audit.csv.gz","40725","2026-08-03T01:22:43","Archive or draw-level PSA intermediate"
"psa_smoke_recheck\batch_02\run_manifest.json","553","2026-08-03T01:22:43","Historical smoke-test output"
"psa_smoke_recheck\merged\00_QC.csv","903","2026-08-03T01:22:45","Historical smoke-test output"
"psa_smoke_recheck\merged\01_joint_PSA_draws_merged.csv.gz","621405","2026-08-03T01:22:45","Archive or draw-level PSA intermediate"
"psa_smoke_recheck\merged\02_PSA_summary.csv","30654","2026-08-03T01:22:45","Historical smoke-test output"
"psa_smoke_recheck\merged\03_CEAC.csv","10367","2026-08-03T01:22:45","Historical smoke-test output"
"psa_smoke_recheck\merged\04_CEAF.csv","1640","2026-08-03T01:22:45","Historical smoke-test output"
"psa_smoke_recheck\merged\05_batch_stability.csv","1374","2026-08-03T01:22:45","Historical smoke-test output"
"psa_smoke_recheck\merged\06_deterministic_reconciliation.csv","1246","2026-08-03T01:22:45","Historical smoke-test output"
"psa_smoke_recheck\merged\07_convergence_smoke.csv","1947","2026-08-03T01:22:45","Historical smoke-test output"
"psa_smoke_recheck\merged\MERGED_MANIFEST.json","242","2026-08-03T01:22:45","Historical smoke-test output"
"README.md","7900","2026-08-03T23:49:30","Not selected for structured import; recorded for owner review"
"README_GBD更新与正式PSA运行说明_v1.3.md","4212","2026-08-03T01:25:36","Historical/generated audit artifact"
"REPOSITORY_MANIFEST.sha256","20745","2026-08-03T23:49:35","Historical/generated audit artifact"
"results\21_GBD_rate_slope_audit_burden.csv","214135","2026-08-03T01:16:21","Not selected for structured import; recorded for owner review"
"results\22_GBD_rate_slope_audit_cases.csv","102348","2026-08-03T01:16:21","Not selected for structured import; recorded for owner review"
"src\__pycache__\create_psa_notebooks_v1_3.cpython-312.pyc","9495","2026-08-03T23:49:06","Python cache"
"src\__pycache__\finalize_bundle_v1_3.cpython-312.pyc","6736","2026-08-03T23:49:06","Python cache"
"src\__pycache__\ingest_gbd_2010_2017_v1_3.cpython-312.pyc","22598","2026-08-03T23:49:06","Python cache"
"src\__pycache__\joint_psa_v1_2.cpython-312.pyc","38008","2026-08-03T23:49:06","Python cache"
"src\__pycache__\merge_and_qc_psa_v1_2.cpython-312.pyc","22356","2026-08-03T23:49:06","Python cache"
"src\__pycache__\prepare_psa_inputs_v1_2.cpython-312.pyc","25656","2026-08-03T23:49:06","Python cache"
"src\__pycache__\prepare_workbook_data_v1_3.cpython-312.pyc","12387","2026-08-03T23:49:06","Python cache"
"src\__pycache__\run_d1_d10_stage.cpython-312.pyc","81511","2026-08-03T23:49:06","Python cache"
"src\__pycache__\run_psa_plan_v1_2.cpython-312.pyc","4942","2026-08-03T23:49:06","Python cache"
"STAGE_STATUS.json","663","2026-08-03T01:22:24","Historical/generated audit artifact"
"workbook_previews_v1.3\CEAC.png","844951","2026-08-03T01:23:17","Generated preview/temporary output"
"workbook_previews_v1.3\CEAF.png","158305","2026-08-03T01:23:17","Generated preview/temporary output"
"workbook_previews_v1.3\D1-D10状态.png","32009","2026-08-03T01:23:14","Generated preview/temporary output"
"workbook_previews_v1.3\D3趋势敏感性.png","200953","2026-08-03T01:23:13","Generated preview/temporary output"
"workbook_previews_v1.3\D4首年费用.png","186133","2026-08-03T01:23:15","Generated preview/temporary output"
"workbook_previews_v1.3\D5支付比例.png","29374","2026-08-03T01:23:15","Generated preview/temporary output"
"workbook_previews_v1.3\D9长期规则.png","65085","2026-08-03T01:23:15","Generated preview/temporary output"
"workbook_previews_v1.3\formula_errors.ndjson","60","2026-08-03T01:23:18","Generated preview/temporary output"
"workbook_previews_v1.3\GBD更新QC.png","42958","2026-08-03T01:23:13","Generated preview/temporary output"
"workbook_previews_v1.3\GBD更新摘要.png","26618","2026-08-03T01:23:12","Generated preview/temporary output"
"workbook_previews_v1.3\inspect_summary.ndjson","1972","2026-08-03T01:23:18","Generated preview/temporary output"
"workbook_previews_v1.3\PSA参数注册.png","80793","2026-08-03T01:23:14","Generated preview/temporary output"
"workbook_previews_v1.3\QC.png","68208","2026-08-03T01:23:18","Generated preview/temporary output"
"workbook_previews_v1.3\RR参数.png","190981","2026-08-03T01:23:16","Generated preview/temporary output"
"workbook_previews_v1.3\来源.png","59977","2026-08-03T01:23:18","Generated preview/temporary output"
"workbook_previews_v1.3\批次稳定性.png","115124","2026-08-03T01:23:17","Generated preview/temporary output"
"workbook_previews_v1.3\确定性QC.png","70468","2026-08-03T01:23:13","Generated preview/temporary output"
"workbook_previews_v1.3\确定性衔接.png","110097","2026-08-03T01:23:18","Generated preview/temporary output"
"workbook_previews_v1.3\收敛检查.png","138552","2026-08-03T01:23:18","Generated preview/temporary output"
"workbook_previews_v1.3\新旧结果对照.png","47746","2026-08-03T01:23:14","Generated preview/temporary output"
"workbook_previews_v1.3\烟雾PSA摘要.png","227678","2026-08-03T01:23:16","Generated preview/temporary output"
"workbook_previews_v1.3\摘要.png","79038","2026-08-03T01:23:12","Generated preview/temporary output"
"workbook_previews_v1.3\政策成本参数.png","64188","2026-08-03T01:23:16","Generated preview/temporary output"
"workbook_previews_v1.3\政策效果参数.png","80482","2026-08-03T01:23:15","Generated preview/temporary output"
