结局/组成,RR（95% UI）,分布类型,来源
抑郁症,1.28 (1.01–1.62),Lognormal,Schuch等，2018[39]
冠心病,1.19 (1.13–1.26),Lognormal,Kyu等，BMJ 2016[4]
缺血性卒中,1.19 (1.09–1.28),Lognormal,Kyu等，BMJ 2016[4]
脑内出血,1.19 (1.09–1.28),Lognormal,Kyu等，BMJ 2016[4]
蛛网膜下腔出血,1.19 (1.09–1.28),Lognormal,Kyu等，BMJ 2016[4]
2型糖尿病,1.17 (1.11–1.23),Lognormal,Kyu等，2016[4]
高血压,1.06 (1.03–1.09),Lognormal,Liu等，2017[40]
膀胱癌,1.08 (0.93–1.25),Lognormal,Matthews等，2020[41]
乳腺癌,1.09 (1.03–1.15),Lognormal,Matthews等，2020[41]
结肠和直肠癌组成,1.11 (1.03–1.19),Lognormal,Matthews等，2020[41]
GBD子宫癌组成,1.09 (0.96–1.22),Lognormal,Matthews等，2020[41]
食管癌,1.28 (0.85–1.96),Lognormal,Matthews等，2020[41]
胃癌,1.27 (0.93–1.69),Lognormal,Matthews等，2020[41]
肾癌,1.28 (1.06–1.54),Lognormal,Matthews等，2020[41]
痴呆,1.40 (1.20–1.70),Lognormal,Kivimäki等，2019[42]
