horizon_years,scenario_id,scenario_cn,p_health_improving,p_partial_payer_cost_saving,p_dominant_partial_payer
5,S0,动态基线,,,
5,S1,健康宣教,1.0,0.0395,0.0395
5,S2,社区健身,1.0,0.0017,0.0017
5,S3,公共健身设施,1.0,0.0001,0.0001
5,S4,体卫融合,1.0,0.2729,0.2729
5,S5,智慧健身,1.0,0.2535,0.2535
5,S6,综合政策,1.0,0.0002,0.0002
10,S0,动态基线,,,
10,S1,健康宣教,1.0,0.2817,0.2817
10,S2,社区健身,1.0,0.0146,0.0146
10,S3,公共健身设施,1.0,0.0641,0.0641
10,S4,体卫融合,1.0,0.7714,0.7714
10,S5,智慧健身,1.0,0.7971,0.7971
10,S6,综合政策,1.0,0.0281,0.0281
26,S0,动态基线,,,
26,S1,健康宣教,1.0,0.5917,0.5917
26,S2,社区健身,1.0,0.0572,0.0572
26,S3,公共健身设施,1.0,0.8484,0.8484
26,S4,体卫融合,1.0,0.9586,0.9586
26,S5,智慧健身,1.0,0.96,0.96
26,S6,综合政策,1.0,0.3856,0.3856
