checkpoint_draws,scenario_id,horizon_years,metric,cumulative_mean,cumulative_sd,standard_error,relative_standard_error,relative_to_final
25,S6,10,discounted_dalys_averted,6193465.863367424,1217218.1505450765,243443.6301090153,0.03930652650382956,1.0075461431356294
25,S6,10,discounted_programme_cost_2025_cny,28075148631.036407,9330759429.302677,1866151885.8605354,0.06646988446563552,1.0843911600963505
25,S6,10,discounted_partial_public_payer_net_cost_2025_cny,19000528040.956326,10585511790.982527,2117102358.1965053,0.11142334326882992,1.1416551145888212
50,S6,10,discounted_dalys_averted,6170741.378879163,1180683.6910526326,166973.88887593584,0.027058967249453017,1.0038493492554346
50,S6,10,discounted_programme_cost_2025_cny,26720828390.401093,8480454538.394158,1199317382.3285484,0.04488324107344586,1.0320810934183426
50,S6,10,discounted_partial_public_payer_net_cost_2025_cny,17946366410.04591,8869576846.11793,1254347586.8290358,0.06989423698197116,1.078315347665607
100,S6,10,discounted_dalys_averted,6089330.979602208,1287078.9397803901,128707.893978039,0.02113662312151851,0.9906055959818789
100,S6,10,discounted_programme_cost_2025_cny,26751034298.581345,8065975799.639936,806597579.9639937,0.03015201472067078,1.0332477842965926
100,S6,10,discounted_partial_public_payer_net_cost_2025_cny,17845412173.203884,9004426903.185734,900442690.3185734,0.05045793740032803,1.0722494677815495
200,S6,10,discounted_dalys_averted,6053077.137636977,1343342.8003022843,94988.68035518713,0.015692626774002943,0.9847078612640747
200,S6,10,discounted_programme_cost_2025_cny,25280150132.501755,7640792546.580162,540285622.3326461,0.021371930922119836,0.976435483561018
200,S6,10,discounted_partial_public_payer_net_cost_2025_cny,15914787424.103779,8593026665.191906,607618742.5874021,0.038179507296913794,0.9562470275119495
500,S6,10,discounted_dalys_averted,6095152.961175787,1375253.1670163102,61503.19135440682,0.010090508268810128,0.9915527094736253
500,S6,10,discounted_programme_cost_2025_cny,25585697033.029625,7631241332.615077,341279487.4486679,0.01333868242901869,0.9882371079186173
500,S6,10,discounted_partial_public_payer_net_cost_2025_cny,16237625300.524395,9052616690.021801,404845325.86275774,0.024932545145605944,0.9756448838243701
1000,S6,10,discounted_dalys_averted,6136996.471861586,1416197.8799191064,44784.10918046011,0.007297398554129423,0.9983597652864442
1000,S6,10,discounted_programme_cost_2025_cny,25813834598.867344,7884171290.300827,249319387.40259212,0.009658363093933038,0.9970488283098974
1000,S6,10,discounted_partial_public_payer_net_cost_2025_cny,16602265628.793158,9415260609.04292,297736682.88639754,0.017933497122828556,0.9975544589086017
2000,S6,10,discounted_dalys_averted,6147957.884130674,1378314.8405457805,30820.056778571485,0.005013055938155546,1.0001429556516908
2000,S6,10,discounted_programme_cost_2025_cny,25778077551.425064,7871834729.949924,176019575.6381173,0.006828266199718473,0.995667726942737
2000,S6,10,discounted_partial_public_payer_net_cost_2025_cny,16327311661.529491,9608065611.96865,214842878.4064002,0.013158496809527699,0.9810337284148795
5000,S6,10,discounted_dalys_averted,6146406.58627949,1365691.5697650162,19313.79539980288,0.0031422905609460833,0.9998905922413973
5000,S6,10,discounted_programme_cost_2025_cny,25892121205.243042,7779011075.056063,110011829.64194794,0.004248853493690236,1.0000726165371092
5000,S6,10,discounted_partial_public_payer_net_cost_2025_cny,16583053264.423182,9447030716.744862,133601189.63775803,0.008056489206627725,0.9964000755146745
10000,S6,10,discounted_dalys_averted,6147079.124428447,1363376.5432111695,13633.765432111695,0.0022179258077110495,1.0
10000,S6,10,discounted_programme_cost_2025_cny,25890241145.58613,7748849968.232703,77488499.68232703,0.0029929616818396296,1.0
10000,S6,10,discounted_partial_public_payer_net_cost_2025_cny,16642966687.710728,9320684911.563194,93206849.11563194,0.005600374672651148,1.0
