horizon_years,perspective,wtp_cny_per_daly,parameter,srrc,absolute_srrc
5,PROGRAMME_ONLY,50000,s0_trend_rate,0.015703223151919382,0.015703223151919382
5,PROGRAMME_ONLY,50000,burden_baseline_multiplier_mean,0.01455119572655797,0.01455119572655797
5,PROGRAMME_ONLY,50000,theta_S6,0.8013111376024096,0.8013111376024096
5,PROGRAMME_ONLY,50000,rr_low_depression,0.27331579170731257,0.27331579170731257
5,PROGRAMME_ONLY,50000,rr_low_coronary_heart_disease,0.0824953039816347,0.0824953039816347
5,PROGRAMME_ONLY,50000,rr_low_ischemic_stroke,0.06180152746011904,0.06180152746011904
5,PROGRAMME_ONLY,50000,rr_low_intracerebral_hemorrhage,0.15312471348969456,0.15312471348969456
5,PROGRAMME_ONLY,50000,rr_low_subarachnoid_hemorrhage,0.018342281987623613,0.018342281987623613
5,PROGRAMME_ONLY,50000,rr_low_type2_diabetes,0.05960073156616554,0.05960073156616554
5,PROGRAMME_ONLY,50000,rr_low_hypertension,-0.003841183956602528,0.003841183956602528
5,PROGRAMME_ONLY,50000,rr_low_bladder_cancer,0.0010341047167809793,0.0010341047167809793
5,PROGRAMME_ONLY,50000,rr_low_breast_cancer,0.002838305886967622,0.002838305886967622
5,PROGRAMME_ONLY,50000,rr_low_colon_cancer,0.009942188271999186,0.009942188271999186
5,PROGRAMME_ONLY,50000,rr_low_endometrial_cancer,0.0026310251165887967,0.0026310251165887967
5,PROGRAMME_ONLY,50000,rr_low_oesophageal_cancer,0.04350052882322534,0.04350052882322534
5,PROGRAMME_ONLY,50000,rr_low_gastric_cancer,0.04546822165621283,0.04546822165621283
5,PROGRAMME_ONLY,50000,rr_low_renal_cancer,0.003993186083112383,0.003993186083112383
5,PROGRAMME_ONLY,50000,rr_low_dementia,-0.001487531718755722,0.001487531718755722
5,PROGRAMME_ONLY,50000,programme_cost_multiplier_S6,-0.35165812706596083,0.35165812706596083
5,PARTIAL_PUBLIC_PAYER,50000,s0_trend_rate,0.015453460095048943,0.015453460095048943
5,PARTIAL_PUBLIC_PAYER,50000,burden_baseline_multiplier_mean,0.013695227511161794,0.013695227511161794
5,PARTIAL_PUBLIC_PAYER,50000,theta_S6,0.8045104004054766,0.8045104004054766
5,PARTIAL_PUBLIC_PAYER,50000,rr_low_depression,0.2666523608023001,0.2666523608023001
5,PARTIAL_PUBLIC_PAYER,50000,rr_low_coronary_heart_disease,0.08226225029073468,0.08226225029073468
5,PARTIAL_PUBLIC_PAYER,50000,rr_low_ischemic_stroke,0.06439744643081603,0.06439744643081603
5,PARTIAL_PUBLIC_PAYER,50000,rr_low_intracerebral_hemorrhage,0.1542925966357533,0.1542925966357533
5,PARTIAL_PUBLIC_PAYER,50000,rr_low_subarachnoid_hemorrhage,0.018935015794798452,0.018935015794798452
5,PARTIAL_PUBLIC_PAYER,50000,rr_low_type2_diabetes,0.05790993804529433,0.05790993804529433
5,PARTIAL_PUBLIC_PAYER,50000,rr_low_hypertension,-0.0034504727193726036,0.0034504727193726036
5,PARTIAL_PUBLIC_PAYER,50000,rr_low_bladder_cancer,0.0010885805865669615,0.0010885805865669615
5,PARTIAL_PUBLIC_PAYER,50000,rr_low_breast_cancer,0.0030756845103743495,0.0030756845103743495
5,PARTIAL_PUBLIC_PAYER,50000,rr_low_colon_cancer,0.011801543313566615,0.011801543313566615
5,PARTIAL_PUBLIC_PAYER,50000,rr_low_endometrial_cancer,0.002414027155249942,0.002414027155249942
5,PARTIAL_PUBLIC_PAYER,50000,rr_low_oesophageal_cancer,0.044700018755056456,0.044700018755056456
5,PARTIAL_PUBLIC_PAYER,50000,rr_low_gastric_cancer,0.04785961039472169,0.04785961039472169
5,PARTIAL_PUBLIC_PAYER,50000,rr_low_renal_cancer,0.004180910050158134,0.004180910050158134
5,PARTIAL_PUBLIC_PAYER,50000,rr_low_dementia,-0.0021073729108313866,0.0021073729108313866
5,PARTIAL_PUBLIC_PAYER,50000,incidence_baseline_multiplier_mean,-0.0016836679731649445,0.0016836679731649445
5,PARTIAL_PUBLIC_PAYER,50000,public_payer_share,0.007973780627651307,0.007973780627651307
5,PARTIAL_PUBLIC_PAYER,50000,programme_cost_multiplier_S6,-0.3436164312369675,0.3436164312369675
5,PARTIAL_PUBLIC_PAYER,50000,d4_cost_bladder_cancer,-0.00021206977987114133,0.00021206977987114133
5,PARTIAL_PUBLIC_PAYER,50000,d4_cost_breast_cancer,0.0051104685140027535,0.0051104685140027535
5,PARTIAL_PUBLIC_PAYER,50000,d4_cost_colon_cancer,0.001014494052153436,0.001014494052153436
5,PARTIAL_PUBLIC_PAYER,50000,d4_cost_coronary_heart_disease,0.0107218417326647,0.0107218417326647
5,PARTIAL_PUBLIC_PAYER,50000,d4_cost_endometrial_cancer,-0.005313365965853392,0.005313365965853392
5,PARTIAL_PUBLIC_PAYER,50000,d4_cost_gastric_cancer,0.003937214478254514,0.003937214478254514
5,PARTIAL_PUBLIC_PAYER,50000,d4_cost_oesophageal_cancer,0.0005973305648453582,0.0005973305648453582
5,PARTIAL_PUBLIC_PAYER,50000,d4_cost_renal_cancer,0.00032670648211398595,0.00032670648211398595
5,PARTIAL_PUBLIC_PAYER,50000,d4_cost_stroke,0.048268207641297224,0.048268207641297224
10,PROGRAMME_ONLY,50000,s0_trend_rate,0.03925879062194408,0.03925879062194408
10,PROGRAMME_ONLY,50000,burden_baseline_multiplier_mean,0.02766295256821016,0.02766295256821016
10,PROGRAMME_ONLY,50000,theta_S6,0.8768974624726912,0.8768974624726912
10,PROGRAMME_ONLY,50000,rr_low_depression,0.20555062295797757,0.20555062295797757
10,PROGRAMME_ONLY,50000,rr_low_coronary_heart_disease,0.08515242541154966,0.08515242541154966
10,PROGRAMME_ONLY,50000,rr_low_ischemic_stroke,0.058553962419515465,0.058553962419515465
10,PROGRAMME_ONLY,50000,rr_low_intracerebral_hemorrhage,0.14029917731471045,0.14029917731471045
10,PROGRAMME_ONLY,50000,rr_low_subarachnoid_hemorrhage,0.01991042750084515,0.01991042750084515
10,PROGRAMME_ONLY,50000,rr_low_type2_diabetes,0.060314917341079105,0.060314917341079105
10,PROGRAMME_ONLY,50000,rr_low_hypertension,-0.00292812185538698,0.00292812185538698
10,PROGRAMME_ONLY,50000,rr_low_bladder_cancer,0.011054502992357431,0.011054502992357431
10,PROGRAMME_ONLY,50000,rr_low_breast_cancer,0.008489474888763582,0.008489474888763582
10,PROGRAMME_ONLY,50000,rr_low_colon_cancer,0.028098689143443524,0.028098689143443524
10,PROGRAMME_ONLY,50000,rr_low_endometrial_cancer,0.005988294011228453,0.005988294011228453
10,PROGRAMME_ONLY,50000,rr_low_oesophageal_cancer,0.12553615973732332,0.12553615973732332
10,PROGRAMME_ONLY,50000,rr_low_gastric_cancer,0.12529165642145032,0.12529165642145032
10,PROGRAMME_ONLY,50000,rr_low_renal_cancer,0.01013308900805015,0.01013308900805015
10,PROGRAMME_ONLY,50000,rr_low_dementia,0.06997861880936024,0.06997861880936024
10,PROGRAMME_ONLY,50000,programme_cost_multiplier_S6,-0.10425041374174872,0.10425041374174872
10,PARTIAL_PUBLIC_PAYER,50000,s0_trend_rate,0.03907710727994365,0.03907710727994365
10,PARTIAL_PUBLIC_PAYER,50000,burden_baseline_multiplier_mean,0.026330918982717028,0.026330918982717028
10,PARTIAL_PUBLIC_PAYER,50000,theta_S6,0.8760991384102068,0.8760991384102068
10,PARTIAL_PUBLIC_PAYER,50000,rr_low_depression,0.19892551233131878,0.19892551233131878
10,PARTIAL_PUBLIC_PAYER,50000,rr_low_coronary_heart_disease,0.08444846672845209,0.08444846672845209
10,PARTIAL_PUBLIC_PAYER,50000,rr_low_ischemic_stroke,0.06078328194759128,0.06078328194759128
10,PARTIAL_PUBLIC_PAYER,50000,rr_low_intracerebral_hemorrhage,0.140564237588644,0.140564237588644
10,PARTIAL_PUBLIC_PAYER,50000,rr_low_subarachnoid_hemorrhage,0.020287683367764903,0.020287683367764903
10,PARTIAL_PUBLIC_PAYER,50000,rr_low_type2_diabetes,0.058295767084163584,0.058295767084163584
10,PARTIAL_PUBLIC_PAYER,50000,rr_low_hypertension,-0.0029205498538173186,0.0029205498538173186
10,PARTIAL_PUBLIC_PAYER,50000,rr_low_bladder_cancer,0.010922939708268842,0.010922939708268842
10,PARTIAL_PUBLIC_PAYER,50000,rr_low_breast_cancer,0.009373879591497294,0.009373879591497294
10,PARTIAL_PUBLIC_PAYER,50000,rr_low_colon_cancer,0.0318905789844369,0.0318905789844369
10,PARTIAL_PUBLIC_PAYER,50000,rr_low_endometrial_cancer,0.0058341457357265585,0.0058341457357265585
10,PARTIAL_PUBLIC_PAYER,50000,rr_low_oesophageal_cancer,0.1279408425744073,0.1279408425744073
10,PARTIAL_PUBLIC_PAYER,50000,rr_low_gastric_cancer,0.1307876570346654,0.1307876570346654
10,PARTIAL_PUBLIC_PAYER,50000,rr_low_renal_cancer,0.010411722133675902,0.010411722133675902
10,PARTIAL_PUBLIC_PAYER,50000,rr_low_dementia,0.06739667721306922,0.06739667721306922
10,PARTIAL_PUBLIC_PAYER,50000,incidence_baseline_multiplier_mean,-0.0011177268721958903,0.0011177268721958903
10,PARTIAL_PUBLIC_PAYER,50000,public_payer_share,0.010134623248161057,0.010134623248161057
10,PARTIAL_PUBLIC_PAYER,50000,programme_cost_multiplier_S6,-0.10083368400164983,0.10083368400164983
10,PARTIAL_PUBLIC_PAYER,50000,d4_cost_bladder_cancer,-0.0008463153439438734,0.0008463153439438734
10,PARTIAL_PUBLIC_PAYER,50000,d4_cost_breast_cancer,0.005038892488863813,0.005038892488863813
10,PARTIAL_PUBLIC_PAYER,50000,d4_cost_colon_cancer,0.0006343629193027889,0.0006343629193027889
10,PARTIAL_PUBLIC_PAYER,50000,d4_cost_coronary_heart_disease,0.01161635653507458,0.01161635653507458
10,PARTIAL_PUBLIC_PAYER,50000,d4_cost_endometrial_cancer,-0.0029943191121921025,0.0029943191121921025
10,PARTIAL_PUBLIC_PAYER,50000,d4_cost_gastric_cancer,0.00891851818029408,0.00891851818029408
10,PARTIAL_PUBLIC_PAYER,50000,d4_cost_oesophageal_cancer,0.005309821893786149,0.005309821893786149
10,PARTIAL_PUBLIC_PAYER,50000,d4_cost_renal_cancer,0.0028814395754488014,0.0028814395754488014
10,PARTIAL_PUBLIC_PAYER,50000,d4_cost_stroke,0.04919673714807657,0.04919673714807657
26,PROGRAMME_ONLY,50000,s0_trend_rate,0.06298119132990017,0.06298119132990017
26,PROGRAMME_ONLY,50000,burden_baseline_multiplier_mean,0.04386868951850461,0.04386868951850461
26,PROGRAMME_ONLY,50000,theta_S6,0.8587624544490506,0.8587624544490506
26,PROGRAMME_ONLY,50000,rr_low_depression,0.14737773364787835,0.14737773364787835
26,PROGRAMME_ONLY,50000,rr_low_coronary_heart_disease,0.07277662556458311,0.07277662556458311
26,PROGRAMME_ONLY,50000,rr_low_ischemic_stroke,0.04818836164205921,0.04818836164205921
26,PROGRAMME_ONLY,50000,rr_low_intracerebral_hemorrhage,0.110337406103761,0.110337406103761
26,PROGRAMME_ONLY,50000,rr_low_subarachnoid_hemorrhage,0.021685933553078303,0.021685933553078303
26,PROGRAMME_ONLY,50000,rr_low_type2_diabetes,0.05029490793919728,0.05029490793919728
26,PROGRAMME_ONLY,50000,rr_low_hypertension,-0.0042976737326031675,0.0042976737326031675
26,PROGRAMME_ONLY,50000,rr_low_bladder_cancer,0.014087608741105373,0.014087608741105373
26,PROGRAMME_ONLY,50000,rr_low_breast_cancer,0.008553866718811143,0.008553866718811143
26,PROGRAMME_ONLY,50000,rr_low_colon_cancer,0.03243402285286756,0.03243402285286756
26,PROGRAMME_ONLY,50000,rr_low_endometrial_cancer,0.006273365266746723,0.006273365266746723
26,PROGRAMME_ONLY,50000,rr_low_oesophageal_cancer,0.139057217414713,0.139057217414713
26,PROGRAMME_ONLY,50000,rr_low_gastric_cancer,0.13038305065735736,0.13038305065735736
26,PROGRAMME_ONLY,50000,rr_low_renal_cancer,0.012052573826234207,0.012052573826234207
26,PROGRAMME_ONLY,50000,rr_low_dementia,0.19875313153157506,0.19875313153157506
26,PROGRAMME_ONLY,50000,programme_cost_multiplier_S6,-0.038956580192589706,0.038956580192589706
26,PARTIAL_PUBLIC_PAYER,50000,s0_trend_rate,0.06294851727873788,0.06294851727873788
26,PARTIAL_PUBLIC_PAYER,50000,burden_baseline_multiplier_mean,0.042386454682707235,0.042386454682707235
26,PARTIAL_PUBLIC_PAYER,50000,theta_S6,0.8588752482674802,0.8588752482674802
26,PARTIAL_PUBLIC_PAYER,50000,rr_low_depression,0.1428575221368363,0.1428575221368363
26,PARTIAL_PUBLIC_PAYER,50000,rr_low_coronary_heart_disease,0.07258835397543525,0.07258835397543525
26,PARTIAL_PUBLIC_PAYER,50000,rr_low_ischemic_stroke,0.050335446106835456,0.050335446106835456
26,PARTIAL_PUBLIC_PAYER,50000,rr_low_intracerebral_hemorrhage,0.11087259076844519,0.11087259076844519
26,PARTIAL_PUBLIC_PAYER,50000,rr_low_subarachnoid_hemorrhage,0.021935916678571435,0.021935916678571435
26,PARTIAL_PUBLIC_PAYER,50000,rr_low_type2_diabetes,0.04871416867903898,0.04871416867903898
26,PARTIAL_PUBLIC_PAYER,50000,rr_low_hypertension,-0.004389658077874328,0.004389658077874328
26,PARTIAL_PUBLIC_PAYER,50000,rr_low_bladder_cancer,0.01418179278731932,0.01418179278731932
26,PARTIAL_PUBLIC_PAYER,50000,rr_low_breast_cancer,0.009638671854585305,0.009638671854585305
26,PARTIAL_PUBLIC_PAYER,50000,rr_low_colon_cancer,0.03687821932173309,0.03687821932173309
26,PARTIAL_PUBLIC_PAYER,50000,rr_low_endometrial_cancer,0.0062125470740868795,0.0062125470740868795
26,PARTIAL_PUBLIC_PAYER,50000,rr_low_oesophageal_cancer,0.14220280330971416,0.14220280330971416
26,PARTIAL_PUBLIC_PAYER,50000,rr_low_gastric_cancer,0.13719289336243976,0.13719289336243976
26,PARTIAL_PUBLIC_PAYER,50000,rr_low_renal_cancer,0.012320001789047443,0.012320001789047443
26,PARTIAL_PUBLIC_PAYER,50000,rr_low_dementia,0.19286312042734274,0.19286312042734274
26,PARTIAL_PUBLIC_PAYER,50000,incidence_baseline_multiplier_mean,0.0011091120329854197,0.0011091120329854197
26,PARTIAL_PUBLIC_PAYER,50000,public_payer_share,0.008373701640442143,0.008373701640442143
26,PARTIAL_PUBLIC_PAYER,50000,programme_cost_multiplier_S6,-0.03756835868959786,0.03756835868959786
26,PARTIAL_PUBLIC_PAYER,50000,d4_cost_bladder_cancer,-0.0003083229552284437,0.0003083229552284437
26,PARTIAL_PUBLIC_PAYER,50000,d4_cost_breast_cancer,0.005086615072639953,0.005086615072639953
26,PARTIAL_PUBLIC_PAYER,50000,d4_cost_colon_cancer,0.0006239131886989677,0.0006239131886989677
26,PARTIAL_PUBLIC_PAYER,50000,d4_cost_coronary_heart_disease,0.009862249263076632,0.009862249263076632
26,PARTIAL_PUBLIC_PAYER,50000,d4_cost_endometrial_cancer,-0.002627062526198856,0.002627062526198856
26,PARTIAL_PUBLIC_PAYER,50000,d4_cost_gastric_cancer,0.010274190479407575,0.010274190479407575
26,PARTIAL_PUBLIC_PAYER,50000,d4_cost_oesophageal_cancer,0.006978486886107096,0.006978486886107096
26,PARTIAL_PUBLIC_PAYER,50000,d4_cost_renal_cancer,0.0053783091459145265,0.0053783091459145265
26,PARTIAL_PUBLIC_PAYER,50000,d4_cost_stroke,0.04235751388305666,0.04235751388305666
