horizon_years,end_year,scenario_id,direct_medical_savings_main_2025_cny,direct_medical_savings_low_2025_cny,direct_medical_savings_high_2025_cny,dementia_care_savings_main_2025_cny,dementia_care_savings_low_2025_cny,dementia_care_savings_high_2025_cny,public_payer_savings_main_2025_cny,public_payer_savings_low_2025_cny,public_payer_savings_high_2025_cny
5,2029,S0,0.0,0.0,0.0,0.0,0.0,0.0,0.0,0.0,0.0
5,2029,S1,2049984045.2071018,1207947938.8284426,3470854265.415438,0.0,0.0,0.0,1461334830.9795926,861087870.9749551,2474204734.9901476
5,2029,S2,6149952135.621302,3623843816.4853044,10412562796.246357,0.0,0.0,0.0,4384004492.938775,2583263612.9248486,7422614204.970471
5,2029,S3,5022460910.757346,2959472450.1296415,8503592950.2677765,0.0,0.0,0.0,3580270335.899964,2109665283.8886094,6061801600.725826
5,2029,S4,10249920226.035519,6039739694.142185,17354271327.0773,0.0,0.0,0.0,7306674154.89797,4305439354.874756,12371023674.950817
5,2029,S5,4919961708.497019,2899075053.188232,8330050236.997063,0.0,0.0,0.0,3507203594.351004,2066610890.3398707,5938091363.97636
5,2029,S6,11479910653.159752,6764508457.439232,19436783886.32653,0.0,0.0,0.0,8183475053.485704,4822092077.459715,13855546515.944881
5,2029,S7,30749760678.10658,18119219082.426567,52062813981.231964,0.0,0.0,0.0,21920022464.693924,12916318064.624275,37113071024.852486
10,2034,S0,0.0,0.0,0.0,0.0,0.0,0.0,0.0,0.0,0.0
10,2034,S1,10794156970.980068,5982132739.14734,17899226293.324516,7280845299.787128,3640422649.893564,10921267949.68069,7694634301.976128,4264374132.909998,12759495807.382416
10,2034,S2,32382470912.93975,17946398217.441772,53697678879.972855,21842535899.360786,10921267949.680393,32763803849.041183,23083902905.928066,12793122398.729818,38278487422.14675
10,2034,S3,38430902597.53318,21132349244.942944,63470376376.44932,29322893819.86726,14661446909.93363,43984340729.800896,27395538361.902554,15064233345.748106,45244972491.929504
10,2034,S4,53970784854.89988,29910663695.73646,89496131466.62186,36404226498.93484,18202113249.46742,54606339748.40226,38473171509.88031,21321870664.54982,63797479036.91157
10,2034,S5,25905976730.351933,14357118573.953487,42958143103.9785,17474028719.488777,8737014359.744389,26211043079.23317,18467122324.742546,10234497918.983904,30622789937.717564
10,2034,S6,87842063080.07588,48302512559.86963,145075146003.3128,67023757302.5535,33511878651.27675,100535635953.83025,62618373398.634445,34432533361.70999,103417079981.55319
10,2034,S7,161912354564.6996,89731991087.20938,268488394399.8656,109212679496.8043,54606339748.40215,163819019245.20648,115419514529.64091,63965611993.64946,191392437110.7347
26,2050,S0,0.0,0.0,0.0,0.0,0.0,0.0,0.0,0.0,0.0
26,2050,S1,64544165771.70145,33789546814.027084,102858267283.35005,87983393751.53331,43991696875.766655,131975090627.29997,46010425202.68947,24086939504.62666,73322701699.45778
26,2050,S2,193632497315.10144,101368640442.07997,308574801850.04504,263950181254.59476,131975090627.29738,395925271881.89215,138031275608.0663,72260818513.87906,219968105098.36972
26,2050,S3,288637193564.8895,150575861763.5076,458954712185.0148,404993256862.7421,202496628431.37106,607489885294.1133,205755545004.72195,107338275151.08876,327166695919.5379
26,2050,S4,322720828858.50476,168947734070.13452,514291336416.7453,439916968757.6618,219958484378.8309,659875453136.4928,230052126013.44556,120434697523.13264,366613508497.2854
26,2050,S5,154905997852.081,81094912353.66393,246859841480.0358,211160145003.6752,105580072501.8376,316740217505.51276,110425020486.45296,57808654811.10321,175974484078.69562
26,2050,S6,659742156719.7484,344173398316.58936,1049039342137.1779,925698872829.1273,462849436414.56366,1388548309243.691,470298388582.2223,245344628916.7747,747809590673.2305
26,2050,S7,968162486575.5178,506843202210.4053,1542874009250.2415,1319750906272.993,659875453136.4965,1979626359409.4893,690156378040.3391,361304092569.3992,1099840525491.86
