outcome_group,attributable_cases,direct_cost_2020_usd,calibration,lancet_attributable_cases_2020_2030,lancet_direct_cost_2020_usd,unit_cost_2020_usd,cost_value_status,source,case_ratio_vs_lancet,cost_ratio_vs_lancet,comparison_status
cancers,578458.9704681517,1000672648.8374029,LANCET_PA_CALIBRATED,568870,1100041686,,PUBLISHED_AGGREGATE,Table S6 and Table S8,1.0168561718286282,0.9096679349271524,ESTIMATED
coronary_heart_disease,874654.3770389807,179715234.85019934,LANCET_PA_CALIBRATED,1050261,241613315,205.47,PUBLISHED_UNIT_AND_AGGREGATE,Table S5 Table S6 and Table S8,0.832797159029023,0.7438134560183463,ESTIMATED
depression,19944440.05397025,4847433370.02018,LANCET_PA_CALIBRATED,19493977,4737789617,243.046852,INFERRED_FROM_PUBLISHED_AGGREGATE_DIVIDED_BY_CASES,Table S6 and Table S8,1.0231078067841288,1.0231423853492267,ESTIMATED
stroke,1610519.1895663422,1274226677.5929945,LANCET_PA_CALIBRATED,1169515,1035991381,791.19,PUBLISHED_UNIT_AND_AGGREGATE,Table S5 Table S6 and Table S8,1.3770829699203022,1.2299587631347237,ESTIMATED
type2_diabetes,855450.2862286133,158322593.4631047,LANCET_PA_CALIBRATED,989399,183114180,185.075154,INTERNAL_CONSISTENCY_CORRECTION_NOT_PUBLISHER_ERRATUM,Table S6 and Table S8; printed aggregate appears 1000-fold too large,0.864616081306544,0.864611323181551,ESTIMATED
cancers,1985116.4069971272,3500195812.1281214,MODEL_PARENT_PA,568870,1100041686,,PUBLISHED_AGGREGATE,Table S6 and Table S8,3.489578299079099,3.1818756113285342,ESTIMATED
coronary_heart_disease,3434652.0028419117,705717947.0239276,MODEL_PARENT_PA,1050261,241613315,205.47,PUBLISHED_UNIT_AND_AGGREGATE,Table S5 Table S6 and Table S8,3.2702842463367787,2.9208570190923773,ESTIMATED
depression,69691445.2533593,16938286380.159323,MODEL_PARENT_PA,19493977,4737789617,243.046852,INFERRED_FROM_PUBLISHED_AGGREGATE_DIVIDED_BY_CASES,Table S6 and Table S8,3.5750244936351008,3.5751453208014667,ESTIMATED
stroke,6049823.7580972705,4786560059.16898,MODEL_PARENT_PA,1169515,1035991381,791.19,PUBLISHED_UNIT_AND_AGGREGATE,Table S5 Table S6 and Table S8,5.172933872671381,4.620270155673215,ESTIMATED
type2_diabetes,2909550.6801555445,538485540.2005922,MODEL_PARENT_PA,989399,183114180,185.075154,INTERNAL_CONSISTENCY_CORRECTION_NOT_PUBLISHER_ERRATUM,Table S6 and Table S8; printed aggregate appears 1000-fold too large,2.9407253091579277,2.9407091258612095,ESTIMATED
hypertension,,,,21897988,5322057198,173.59,PUBLISHED_UNIT_AND_AGGREGATE,Table S5 Table S6 and Table S8,,,NOT_ESTIMABLE_FROM_CURRENT_HYPERTENSION_INPUT
