scenario_id,year,shifted,population,rand_inactive_persons,policy_to_rand1_activity_shift_ratio,rand1_annual_gdp_gain_2019_usd_bn,variant,policy_rand_calibrated_annual_gain_2019_usd_bn,policy_rand_calibrated_cumulative_2025_2050_2019_usd_bn
S0,2025,0.0,972144522.0,137510376.96400002,0.0,8.95,LOW,0.0,0.0
S0,2026,0.0,969882870.0,137210083.797,0.0,9.764,LOW,0.0,0.0
S0,2027,0.0,967732780.5,136926611.172,0.0,10.578,LOW,0.0,0.0
S0,2028,0.0,966340604.0,136749934.265,0.0,11.392,LOW,0.0,0.0
S0,2029,0.0,967665478.5,136954163.914,0.0,12.206,LOW,0.0,0.0
S0,2030,0.0,970470777.5,137365424.206,0.0,13.02,LOW,0.0,0.0
S0,2031,0.0,973536996.5,137812272.92400002,0.0,14.056,LOW,0.0,0.0
S0,2032,0.0,974008198.5,137896579.683,0.0,15.091999999999999,LOW,0.0,0.0
S0,2033,0.0,968958256.0,137207926.743,0.0,16.128,LOW,0.0,0.0
S0,2034,0.0,962514487.0,136323193.512,0.0,17.164,LOW,0.0,0.0
S0,2035,0.0,956699674.5,135525223.074,0.0,18.2,LOW,0.0,0.0
S0,2036,0.0,950836112.5,134719459.062,0.0,19.419999999999998,LOW,0.0,0.0
S0,2037,0.0,946098334.5,134071157.51799999,0.0,20.64,LOW,0.0,0.0
S0,2038,0.0,938918343.0,133077239.65799999,0.0,21.86,LOW,0.0,0.0
S0,2039,0.0,928614752.0,131642381.411,0.0,23.08,LOW,0.0,0.0
S0,2040,0.0,916493912.0,129947873.29699999,0.0,24.3,LOW,0.0,0.0
S0,2041,0.0,902630241.5,128003197.116,0.0,25.786,LOW,0.0,0.0
S0,2042,0.0,888491026.5,126017392.26699999,0.0,27.272000000000002,LOW,0.0,0.0
S0,2043,0.0,874210052.5,124010490.72999999,0.0,28.758000000000003,LOW,0.0,0.0
S0,2044,0.0,860618127.5,122099480.595,0.0,30.244,LOW,0.0,0.0
S0,2045,0.0,848510239.5,120395977.928,0.0,31.73,LOW,0.0,0.0
S0,2046,0.0,837524534.5,118849224.25600001,0.0,33.654,LOW,0.0,0.0
S0,2047,0.0,827405193.5,117423345.161,0.0,35.578,LOW,0.0,0.0
S0,2048,0.0,817788496.5,116067250.018,0.0,37.502,LOW,0.0,0.0
S0,2049,0.0,807675532.5,114640578.52900001,0.0,39.426,LOW,0.0,0.0
S0,2050,0.0,796875138.0,113116486.869,0.0,41.35,LOW,0.0,0.0
S1,2025,499846.3232420512,972144522.0,137510376.96400002,0.003634971660159946,8.95,LOW,0.032532996358431515,0.032532996358431515
S1,2026,1509531.4424362124,969882870.0,137210083.797,0.01100160717538471,9.764,LOW,0.10741969246045631,0.13995268881888784
S1,2027,2530810.2988901706,967732780.5,136926611.172,0.018482968922024223,10.578,LOW,0.19551284525717222,0.33546553407606006
S1,2028,3565474.0424413537,966340604.0,136749934.265,0.026072948858110765,11.392,LOW,0.2970230333915978,0.6324885674676579
S1,2029,4625042.480261402,967665478.5,136954163.914,0.03377073283559078,12.206,LOW,0.4122055649912211,1.044694132458879
S1,2030,5190595.264623705,970470777.5,137365424.206,0.03778676690023271,13.02,LOW,0.49198370504102984,1.5366778374999088
S1,2031,5243209.151432812,973536996.5,137812272.92400002,0.0380460247856467,14.056,LOW,0.53477492438705,2.0714527618869587
S1,2032,5281931.919480901,974008198.5,137896579.683,0.03830357454567136,15.091999999999999,LOW,0.5780775470432722,2.649530308930231
S1,2033,5291368.492613283,968958256.0,137207926.743,0.03856459767462549,16.128,LOW,0.62196983129636,3.271500140226591
S1,2034,5293496.046575087,962514487.0,136323193.512,0.03883048738958071,17.164,LOW,0.6664864855547634,3.9379866257813543
S1,2035,5291036.869748319,956699674.5,135525223.074,0.03904097517595884,18.2,LOW,0.7105457482024509,4.648532373983805
S1,2036,5282021.668315001,950836112.5,134719459.062,0.039207562924403756,19.419999999999998,LOW,0.7614108719919209,5.409943245975726
S1,2037,5274132.544403551,946098334.5,134071157.51799999,0.03933830841801647,20.64,LOW,0.81194268574786,6.221885931723586
S1,2038,5246715.156101448,938918343.0,133077239.65799999,0.03942608946191829,21.86,LOW,0.8618543156375339,7.08374024736112
S1,2039,5195876.368160725,928614752.0,131642381.411,0.039469632138746456,23.08,LOW,0.9109591097622681,7.994699357123388
S1,2040,5129232.473872071,916493912.0,129947873.29699999,0.03947146146939279,24.3,LOW,0.9591565137062448,8.953855870829633
S1,2041,5055605.676287639,902630241.5,128003197.116,0.03949593283756898,25.786,LOW,1.0184421241495536,9.972297994979186
S1,2042,4983861.10791112,888491026.5,126017392.26699999,0.03954899413686913,27.272000000000002,LOW,1.078580168100695,11.050878163079881
S1,2043,4911945.406605333,874210052.5,124010490.72999999,0.03960911192021483,28.758000000000003,LOW,1.1390788406015382,12.18995700368142
S1,2044,4843317.0699869655,860618127.5,122099480.595,0.03966697521058333,30.244,LOW,1.1996879982688822,13.389645001950301
S1,2045,4782264.992774395,848510239.5,120395977.928,0.039721135830918845,31.73,LOW,1.260351639915055,14.649996641865357
S1,2046,4725577.219479353,837524534.5,118849224.25600001,0.0397611111815127,33.654,LOW,1.3381204357026286,15.988117077567985
S1,2047,4672474.2003347315,827405193.5,117423345.161,0.03979169724664434,35.578,LOW,1.4157090046411123,17.403826082209097
S1,2048,4621205.570952874,817788496.5,116067250.018,0.03981489671062428,37.502,LOW,1.4931382564418318,18.89696433865093
S1,2049,4566210.118808899,807675532.5,114640578.52900001,0.039830661859873724,39.426,LOW,1.5703636744873815,20.46732801313831
S1,2050,4506295.868879668,796875138.0,113116486.869,0.0398376575653238,41.35,LOW,1.647287140326139,22.11461515346445
S2,2025,1499538.9697261713,972144522.0,137510376.96400002,0.010904914980479968,8.95,LOW,0.09759898907529571,0.09759898907529571
S2,2026,4528594.327308641,969882870.0,137210083.797,0.03300482152615416,9.764,LOW,0.32225907738136916,0.4198580664566649
S2,2027,7592430.89667053,967732780.5,136926611.172,0.0554489067660728,10.578,LOW,0.586538535771518,1.006396602228183
S2,2028,10696422.127324032,966340604.0,136749934.265,0.07821884657433208,11.392,LOW,0.891069100174791,1.897465702402974
S2,2029,13875127.440784195,967665478.5,136954163.914,0.10131219850677227,12.206,LOW,1.2366166949736623,3.1340823973766363
S2,2030,15571785.793871101,970470777.5,137365424.206,0.11336030070069801,13.02,LOW,1.475951115123088,4.610033512499724
S2,2031,15729627.454298433,973536996.5,137812272.92400002,0.11413807435694007,14.056,LOW,1.6043247731611494,6.2143582856608734
S2,2032,15845795.758442678,974008198.5,137896579.683,0.11491072363701389,15.091999999999999,LOW,1.7342326411298135,7.948590926790687
S2,2033,15874105.477839807,968958256.0,137207926.743,0.11569379302387618,16.128,LOW,1.865909493889075,9.814500420679762
S2,2034,15880488.139725273,962514487.0,136323193.512,0.11649146216874223,17.164,LOW,1.9994594566642918,11.813959877344054
S2,2035,15873110.609244961,956699674.5,135525223.074,0.11712292552787656,18.2,LOW,2.1316372446073535,13.945597121951408
S2,2036,15846065.004945017,950836112.5,134719459.062,0.11762268877321137,19.419999999999998,LOW,2.2842326159757644,16.229829737927172
S2,2037,15822397.63321061,946098334.5,134071157.51799999,0.1180149252540491,20.64,LOW,2.4358280572435733,18.665657795170745
S2,2038,15740145.468304347,938918343.0,133077239.65799999,0.11827826838575489,21.86,LOW,2.585562946912602,21.251220742083348
S2,2039,15587629.104482178,928614752.0,131642381.411,0.1184088964162394,23.08,LOW,2.732877329286805,23.984098071370152
S2,2040,15387697.421616219,916493912.0,129947873.29699999,0.1184143844081784,24.3,LOW,2.877469541118735,26.861567612488887
S2,2041,15166817.028862923,902630241.5,128003197.116,0.11848779851270698,25.786,LOW,3.055326372448662,29.91689398493755
S2,2042,14951583.323733367,888491026.5,126017392.26699999,0.11864698241060745,27.272000000000002,LOW,3.2357405043020866,33.15263448923964
S2,2043,14735836.21981601,874210052.5,124010490.72999999,0.11882733576064458,28.758000000000003,LOW,3.4172365218046172,36.569871011044256
S2,2044,14529951.209960904,860618127.5,122099480.595,0.11900092563175006,30.244,LOW,3.5990639948066487,40.168935005850905
S2,2045,14346794.978323191,848510239.5,120395977.928,0.11916340749275658,31.73,LOW,3.7810549197451664,43.94998992559607
S2,2046,14176731.658438068,837524534.5,118849224.25600001,0.11928333354453818,33.654,LOW,4.0143613071078885,47.964351232703955
S2,2047,14017422.601004202,827405193.5,117423345.161,0.11937509173993308,35.578,LOW,4.24712701392334,52.211478246627294
S2,2048,13863616.712858627,817788496.5,116067250.018,0.11944469013187287,37.502,LOW,4.479414769325497,56.690893015952796
S2,2049,13698630.356426701,807675532.5,114640578.52900001,0.1194919855796212,39.426,LOW,4.711091023462146,61.40198403941494
S2,2050,13518887.606639009,796875138.0,113116486.869,0.11951297269597144,41.35,LOW,4.9418614209784195,66.34384546039335
S3,2025,1224623.4919430218,972144522.0,137510376.96400002,0.008905680567391843,8.95,LOW,0.07970584107815698,0.07970584107815698
S3,2026,3698352.0339687224,969882870.0,137210083.797,0.026953937579692555,9.764,LOW,0.2631782465281181,0.3428840876062751
S3,2027,6200485.232280945,967732780.5,136926611.172,0.04528327385895955,10.578,LOW,0.4790064708800741,0.8218905584863492
S3,2028,8735411.40398129,966340604.0,136749934.265,0.06387872470237119,11.392,LOW,0.7277064318094125,1.5495969902957616
S3,2029,11331354.07664043,967665478.5,136954163.914,0.08273829544719738,12.206,LOW,1.0099036342284913,2.559500624524253
S3,2030,13988654.238160856,970470777.5,137365424.206,0.10183533679612693,13.02,LOW,1.3258960850855726,3.8853967096098256
S3,2031,16699621.147313507,973536996.5,137812272.92400002,0.12117658894228474,14.056,LOW,1.7032581341727542,5.58865484378258
S3,2032,19411099.804092273,974008198.5,137896579.683,0.14076563645534196,15.091999999999999,LOW,2.1244349853840205,7.7130898291666
S3,2033,22038549.771734282,968958256.0,137207926.743,0.16062154931481487,16.128,LOW,2.5905043473493343,10.303594176515935
S3,2034,24641224.096807033,962514487.0,136323193.512,0.18075591879849823,17.164,LOW,3.102494590257424,13.406088766773358
S3,2035,24629776.628678452,956699674.5,135525223.074,0.18173573944408863,18.2,LOW,3.307590457882413,16.71367922465577
S3,2036,24587810.866006345,950836112.5,134719459.062,0.1825112054130996,19.419999999999998,LOW,3.5443676091223937,20.258046833778167
S3,2037,24551086.994198482,946098334.5,134071157.51799999,0.1831198256858663,20.64,LOW,3.7795932021562804,24.037640035934444
S3,2038,24423459.051652253,938918343.0,133077239.65799999,0.18352844644522973,21.86,LOW,4.011931839292722,28.049571875227166
S3,2039,24186804.493788183,928614752.0,131642381.411,0.18373113760586482,23.08,LOW,4.240514655943359,32.29008653117053
S3,2040,23876577.165874504,916493912.0,129947873.29699999,0.18373965314002352,24.3,LOW,4.464873571302571,36.7549601024731
S3,2041,23533844.42311897,902630241.5,128003197.116,0.1838535673588837,25.786,LOW,4.740848087916175,41.495808190389276
S3,2042,23199873.457326278,888491026.5,126017392.26699999,0.18410056770712593,27.272000000000002,LOW,5.020790682508739,46.516598872898015
S3,2043,22865105.867747843,874210052.5,124010490.72999999,0.18438041598860017,28.758000000000003,LOW,5.302412003000164,51.81901087589818
S3,2044,22545640.960789338,860618127.5,122099480.595,0.18464976960526552,30.244,LOW,5.584547631941651,57.403558507839826
S3,2045,22261443.541364826,848510239.5,120395977.928,0.18490188729292736,31.73,LOW,5.866936883804585,63.27049539164441
S3,2046,21997561.956676405,837524534.5,118849224.25600001,0.18508797254994178,33.654,LOW,6.228950628195741,69.49944601984015
S3,2047,21750367.402558193,827405193.5,117423345.161,0.18523035068312954,35.578,LOW,6.5901254166043834,76.08957143644454
S3,2048,21511711.93278564,817788496.5,116067250.018,0.1853383441879561,37.502,LOW,6.950558583736731,83.04013002018127
S3,2049,21255708.103055432,807675532.5,114640578.52900001,0.18541173095771224,39.426,LOW,7.310042904738763,90.35017292492003
S3,2050,20976807.269634865,796875138.0,113116486.869,0.18544429596658238,41.35,LOW,7.668121638218182,98.01829456313821
S4,2025,2499231.6162102614,972144522.0,137510376.96400002,0.018174858300799773,8.95,LOW,0.16266498179215796,0.16266498179215796
S4,2026,7547657.212181076,969882870.0,137210083.797,0.055008035876923655,9.764,LOW,0.5370984623022825,0.6997634440944405
S4,2027,12654051.49445089,967732780.5,136926611.172,0.09241484461012138,10.578,LOW,0.9775642262858639,1.6773276703803044
S4,2028,17827370.212206695,966340604.0,136749934.265,0.1303647442905533,11.392,LOW,1.4851151669579832,3.1624428373382876
S4,2029,23125212.401306998,967665478.5,136954163.914,0.1688536641779538,12.206,LOW,2.061027824956104,5.223470662294392
S4,2030,25952976.323118497,970470777.5,137365424.206,0.1889338345011633,13.02,LOW,2.459918525205146,7.683389187499538
S4,2031,26216045.75716406,973536996.5,137812272.92400002,0.1902301239282335,14.056,LOW,2.6738746219352496,10.357263809434787
S4,2032,26409659.597404458,974008198.5,137896579.683,0.19151787272835646,15.091999999999999,LOW,2.8903877352163554,13.247651544651143
S4,2033,26456842.46306636,968958256.0,137207926.743,0.19282298837312709,16.128,LOW,3.109849156481794,16.357500701132935
S4,2034,26467480.23287545,962514487.0,136323193.512,0.19415243694790368,17.164,LOW,3.3324324277738193,19.689933128906755
S4,2035,26455184.348741613,956699674.5,135525223.074,0.19520487587979438,18.2,LOW,3.5527287410122574,23.24266186991901
S4,2036,26410108.341575027,950836112.5,134719459.062,0.19603781462201894,19.419999999999998,LOW,3.8070543599596074,27.04971622987862
S4,2037,26370662.72201769,946098334.5,134071157.51799999,0.19669154209008186,20.64,LOW,4.05971342873929,31.109429658617913
S4,2038,26233575.780507244,938918343.0,133077239.65799999,0.19713044730959148,21.86,LOW,4.309271578187669,35.41870123680558
S4,2039,25979381.84080363,928614752.0,131642381.411,0.19734816069373234,23.08,LOW,4.5547955488113425,39.97349678561692
S4,2040,25646162.369360365,916493912.0,129947873.29699999,0.19735730734696402,24.3,LOW,4.795782568531226,44.769279354148146
S4,2041,25278028.381438203,902630241.5,128003197.116,0.19747966418784496,25.786,LOW,5.09221062074777,49.86148997489592
S4,2042,24919305.53955561,888491026.5,126017392.26699999,0.19774497068434574,27.272000000000002,LOW,5.3929008405034775,55.2543908153994
S4,2043,24559727.03302668,874210052.5,124010490.72999999,0.19804555960107426,28.758000000000003,LOW,5.695394203007694,60.94978501840709
S4,2044,24216585.34993484,860618127.5,122099480.595,0.19833487605291675,30.244,LOW,5.998439991344414,66.9482250097515
S4,2045,23911324.963871986,848510239.5,120395977.928,0.1986056791545943,31.73,LOW,6.301758199575277,73.24998320932679
S4,2046,23627886.097396776,837524534.5,118849224.25600001,0.1988055559075636,33.654,LOW,6.690602178513146,79.94058538783993
S4,2047,23362371.00167367,827405193.5,117423345.161,0.1989584862332218,35.578,LOW,7.078545023205566,87.0191304110455
S4,2048,23106027.854764376,817788496.5,116067250.018,0.19907448355312143,37.502,LOW,7.465691282209161,94.48482169325464
S4,2049,22831050.5940445,807675532.5,114640578.52900001,0.19915330929936864,39.426,LOW,7.851818372436909,102.33664006569155
S4,2050,22531479.344398346,796875138.0,113116486.869,0.19918828782661904,41.35,LOW,8.236435701630697,110.57307576732225
S5,2025,1199631.175780931,972144522.0,137510376.96400002,0.008723931984383931,8.95,LOW,0.07807919126023617,0.07807919126023617
S5,2026,3622875.46184691,969882870.0,137210083.797,0.026403857220923303,9.764,LOW,0.2578072619050951,0.3358864531653313
S5,2027,6073944.717336428,967732780.5,136926611.172,0.044359125412858275,10.578,LOW,0.4692308286172148,0.805117281782546
S5,2028,8557137.701859217,966340604.0,136749934.265,0.06257507725946561,11.392,LOW,0.7128552801398321,1.5179725619223783
S5,2029,11100101.952627346,967665478.5,136954163.914,0.08104975880541773,12.206,LOW,0.9892933559789288,2.5072659179013073
S5,2030,12457428.63509687,970470777.5,137365424.206,0.09068824056055833,13.02,LOW,1.1807608920984694,3.6880268099997764
S5,2031,12583701.963438744,973536996.5,137812272.92400002,0.09131045948555204,14.056,LOW,1.2834598185289194,4.971486628528696
S5,2032,12676636.60675414,974008198.5,137896579.683,0.0919285789096111,15.091999999999999,LOW,1.3873861129038507,6.358872741432546
S5,2033,12699284.382271852,968958256.0,137207926.743,0.09255503441910098,16.128,LOW,1.4927275951112606,7.851600336543807
S5,2034,12704390.511780206,962514487.0,136323193.512,0.0931931697349937,17.164,LOW,1.5995675653314319,9.45116790187524
S5,2035,12698488.487395983,956699674.5,135525223.074,0.09369834042230137,18.2,LOW,1.7053097956858847,11.156477697561124
S5,2036,12676852.003956012,950836112.5,134719459.062,0.09409815101856908,19.419999999999998,LOW,1.8273860927806114,12.983863790341735
S5,2037,12657918.106568499,946098334.5,134071157.51799999,0.09441194020323934,20.64,LOW,1.94866244579486,14.932526236136596
S5,2038,12592116.374643479,938918343.0,133077239.65799999,0.09462261470860392,21.86,LOW,2.0684503575300814,17.000976593666678
S5,2039,12470103.283585731,928614752.0,131642381.411,0.09472711713299144,23.08,LOW,2.186301863429442,19.18727845709612
S5,2040,12310157.937292965,916493912.0,129947873.29699999,0.09473150752654265,24.3,LOW,2.3019756328949863,21.489254089991103
S5,2041,12133453.623090327,902630241.5,128003197.116,0.09479023881016549,25.786,LOW,2.4442610979589277,23.933515187950032
S5,2042,11961266.658986684,888491026.5,126017392.26699999,0.09491758592848588,27.272000000000002,LOW,2.5885924034416674,26.5221075913917
S5,2043,11788668.975852797,874210052.5,124010490.72999999,0.09506186860851557,28.758000000000003,LOW,2.733789217443691,29.25589680883539
S5,2044,11623960.967968713,860618127.5,122099480.595,0.09520074050539996,30.244,LOW,2.8792511958453164,32.13514800468071
S5,2045,11477435.982658545,848510239.5,120395977.928,0.0953307259942052,31.73,LOW,3.024843935796131,35.159991940476836
S5,2046,11341385.326750442,837524534.5,118849224.25600001,0.09542666683563045,33.654,LOW,3.2114890456863074,38.37148098616314
S5,2047,11213938.080803353,827405193.5,117423345.161,0.0955000733919464,35.578,LOW,3.397701611138669,41.769182597301814
S5,2048,11090893.370286893,817788496.5,116067250.018,0.09555575210549823,37.502,LOW,3.583531815460395,45.35271441276221
S5,2049,10958904.285141353,807675532.5,114640578.52900001,0.09559358846369688,39.426,LOW,3.7688728187697134,49.121587231531926
S5,2050,10815110.085311197,796875138.0,113116486.869,0.09561037815677706,41.35,LOW,3.9534891367827316,53.075076368314654
S6,2025,2799139.410155505,972144522.0,137510376.96400002,0.020355841296895834,8.95,LOW,0.1821847796072177,0.1821847796072177
S6,2026,8453376.077642787,969882870.0,137210083.797,0.06160900018215436,9.764,LOW,0.6015502777785551,0.7837350573857728
S6,2027,14172537.673784986,967732780.5,136926611.172,0.10350462596333587,10.578,LOW,1.0948719334401669,1.8786069908259395
S6,2028,19966654.6376715,966340604.0,136749934.265,0.1460085136054197,11.392,LOW,1.663328986992941,3.5419359778188806
S6,2029,25900237.889463834,967665478.5,136954163.914,0.18911610387930824,12.206,LOW,2.3083511639508365,5.8502871417697175
S6,2030,31974066.830081988,970470777.5,137365424.206,0.2327664841054332,13.02,LOW,3.0306196230527402,8.880906764822457
S6,2031,38170562.622430876,973536996.5,137812272.92400002,0.276975060439508,14.056,LOW,3.893161449537724,12.774068214360181
S6,2032,44368228.123639494,974008198.5,137896579.683,0.3217500261836389,15.091999999999999,LOW,4.855851395163478,17.62991960952366
S6,2033,50373828.04967837,968958256.0,137207926.743,0.3671349698624341,16.128,LOW,5.921152793941337,23.551072403464996
S6,2034,56322797.93555897,962514487.0,136323193.512,0.4131563858251391,17.164,LOW,7.0914162063026875,30.642488609767682
S6,2035,56296632.29412217,956699674.5,135525223.074,0.4153959758722025,18.2,LOW,7.5602067608740855,38.20269537064177
S6,2036,56200710.55087166,950836112.5,134719459.062,0.41716846951565634,19.419999999999998,LOW,8.101411677994045,46.304107048635814
S6,2037,56116770.272453666,946098334.5,134071157.51799999,0.41855960156769434,20.64,LOW,8.639070176357212,54.94317722499302
S6,2038,55825049.26091942,938918343.0,133077239.65799999,0.4194935918748107,21.86,LOW,9.170129918383362,64.11330714337639
S6,2039,55284124.55723013,928614752.0,131642381.411,0.41995688595626246,23.08,LOW,9.692604927870537,73.80591207124692
S6,2040,54575033.52199886,916493912.0,129947873.29699999,0.4199763500343394,24.3,LOW,10.205425305834448,84.01133737708138
S6,2041,53791644.3957005,902630241.5,128003197.116,0.42023672539173407,25.786,LOW,10.836224200951255,94.84756157803263
S6,2042,53028282.188174345,888491026.5,126017392.26699999,0.42080129761628776,27.272000000000002,LOW,11.4760929885914,106.32365456662403
S6,2043,52263099.126280785,874210052.5,124010490.72999999,0.4214409508310861,28.758000000000003,LOW,12.119798864000376,118.4434534306244
S6,2044,51532893.62466134,860618127.5,122099480.595,0.42205661624060686,30.244,LOW,12.764680301580913,131.2081337322053
S6,2045,50883299.52311959,848510239.5,120395977.928,0.4226328852409767,31.73,LOW,13.41014144869619,144.61827518090152
S6,2046,50280141.61526035,837524534.5,118849224.25600001,0.4230582229712954,33.654,LOW,14.237601435875977,158.8558766167775
S6,2047,49715125.49156158,827405193.5,117423345.161,0.42338365870429606,35.578,LOW,15.063143809381447,173.91902042615894
S6,2048,49169627.2749386,817788496.5,116067250.018,0.4236305010010425,37.502,LOW,15.886991048541097,189.80601147470003
S6,2049,48584475.6641267,807675532.5,114640578.52900001,0.42379824218905654,39.426,LOW,16.708669496545745,206.51468097124578
S6,2050,47946988.04487968,796875138.0,113116486.869,0.42387267649504534,41.35,LOW,17.527135173070125,224.0418161443159
S7,2025,7497694.848630803,972144522.0,137510376.96400002,0.054524574902399446,8.95,LOW,0.48799494537647503,0.48799494537647503
S7,2026,22642971.6365432,969882870.0,137210083.797,0.16502410763077074,9.764,LOW,1.6112953869068454,2.0992903322833203
S7,2027,37962154.483352646,967732780.5,136926611.172,0.27724453383036396,10.578,LOW,2.93269267885759,5.031983011140911
S7,2028,53482110.636620075,966340604.0,136749934.265,0.3910942328716598,11.392,LOW,4.455345500873948,9.487328512014859
S7,2029,69375637.20392098,967665478.5,136954163.914,0.5065609925338613,12.206,LOW,6.183083474868311,15.67041198688317
S7,2030,77858928.96935546,970470777.5,137365424.206,0.5668015035034898,13.02,LOW,7.3797555756154365,23.050167562498608
S7,2031,78648137.27149215,973536996.5,137812272.92400002,0.5706903717847003,14.056,LOW,8.021623865805747,31.07179142830435
S7,2032,79228978.79221337,974008198.5,137896579.683,0.5745536181850693,15.091999999999999,LOW,8.671163205649066,39.74295463395342
S7,2033,79370527.38919911,968958256.0,137207926.743,0.5784689651193814,16.128,LOW,9.329547469445384,49.072502103398804
S7,2034,79402440.69862634,962514487.0,136323193.512,0.582457310843711,17.164,LOW,9.997297283321457,59.06979938672026
S7,2035,79365553.04622485,956699674.5,135525223.074,0.5856146276393831,18.2,LOW,10.658186223036772,69.72798560975703
S7,2036,79230325.02472508,950836112.5,134719459.062,0.5881134438660568,19.419999999999998,LOW,11.421163079878822,81.14914868963585
S7,2037,79111988.1660531,946098334.5,134071157.51799999,0.5900746262702458,20.64,LOW,12.179140286217873,93.32828897585372
S7,2038,78700727.34152173,938918343.0,133077239.65799999,0.5913913419287744,21.86,LOW,12.927814734563007,106.25610371041674
S7,2039,77938145.52241088,928614752.0,131642381.411,0.592044482081197,23.08,LOW,13.664386646434025,119.92049035685076
S7,2040,76938487.10808109,916493912.0,129947873.29699999,0.592071922040892,24.3,LOW,14.387347705593676,134.30783806244443
S7,2041,75834085.14431462,902630241.5,128003197.116,0.5924389925635349,25.786,LOW,15.276631862243313,149.58446992468774
S7,2042,74757916.61866683,888491026.5,126017392.26699999,0.5932349120530372,27.272000000000002,LOW,16.178702521510434,165.76317244619818
S7,2043,73679181.09908004,874210052.5,124010490.72999999,0.5941366788032227,28.758000000000003,LOW,17.08618260902308,182.84935505522125
S7,2044,72649756.04980451,860618127.5,122099480.595,0.5950046281587502,30.244,LOW,17.99531997403324,200.84467502925452
S7,2045,71733974.89161596,848510239.5,120395977.928,0.5958170374637829,31.73,LOW,18.905274598725832,219.74994962798033
S7,2046,70883658.29219034,837524534.5,118849224.25600001,0.596416667722691,33.654,LOW,20.071806535539444,239.82175616351978
S7,2047,70087113.005021,827405193.5,117423345.161,0.5968754586996654,35.578,LOW,21.2356350696167,261.05739123313646
S7,2048,69318083.56429313,817788496.5,116067250.018,0.5972234506593643,37.502,LOW,22.39707384662748,283.45446507976396
S7,2049,68493151.7821335,807675532.5,114640578.52900001,0.597459927898106,39.426,LOW,23.55545511731073,307.0099201970747
S7,2050,67594438.03319505,796875138.0,113116486.869,0.5975648634798573,41.35,LOW,24.709307104892098,331.7192273019668
S0,2025,0.0,972144522.0,137510376.96400002,0.0,13.27,HIGH,0.0,0.0
S0,2026,0.0,969882870.0,137210083.797,0.0,14.422,HIGH,0.0,0.0
S0,2027,0.0,967732780.5,136926611.172,0.0,15.574,HIGH,0.0,0.0
S0,2028,0.0,966340604.0,136749934.265,0.0,16.726,HIGH,0.0,0.0
S0,2029,0.0,967665478.5,136954163.914,0.0,17.878,HIGH,0.0,0.0
S0,2030,0.0,970470777.5,137365424.206,0.0,19.03,HIGH,0.0,0.0
S0,2031,0.0,973536996.5,137812272.92400002,0.0,20.496000000000002,HIGH,0.0,0.0
S0,2032,0.0,974008198.5,137896579.683,0.0,21.962,HIGH,0.0,0.0
S0,2033,0.0,968958256.0,137207926.743,0.0,23.428,HIGH,0.0,0.0
S0,2034,0.0,962514487.0,136323193.512,0.0,24.894,HIGH,0.0,0.0
S0,2035,0.0,956699674.5,135525223.074,0.0,26.36,HIGH,0.0,0.0
S0,2036,0.0,950836112.5,134719459.062,0.0,28.1,HIGH,0.0,0.0
S0,2037,0.0,946098334.5,134071157.51799999,0.0,29.84,HIGH,0.0,0.0
S0,2038,0.0,938918343.0,133077239.65799999,0.0,31.580000000000002,HIGH,0.0,0.0
S0,2039,0.0,928614752.0,131642381.411,0.0,33.32,HIGH,0.0,0.0
S0,2040,0.0,916493912.0,129947873.29699999,0.0,35.06,HIGH,0.0,0.0
S0,2041,0.0,902630241.5,128003197.116,0.0,37.184000000000005,HIGH,0.0,0.0
S0,2042,0.0,888491026.5,126017392.26699999,0.0,39.308,HIGH,0.0,0.0
S0,2043,0.0,874210052.5,124010490.72999999,0.0,41.432,HIGH,0.0,0.0
S0,2044,0.0,860618127.5,122099480.595,0.0,43.556,HIGH,0.0,0.0
S0,2045,0.0,848510239.5,120395977.928,0.0,45.68,HIGH,0.0,0.0
S0,2046,0.0,837524534.5,118849224.25600001,0.0,48.41,HIGH,0.0,0.0
S0,2047,0.0,827405193.5,117423345.161,0.0,51.14,HIGH,0.0,0.0
S0,2048,0.0,817788496.5,116067250.018,0.0,53.87,HIGH,0.0,0.0
S0,2049,0.0,807675532.5,114640578.52900001,0.0,56.599999999999994,HIGH,0.0,0.0
S0,2050,0.0,796875138.0,113116486.869,0.0,59.33,HIGH,0.0,0.0
S1,2025,499846.3232420512,972144522.0,137510376.96400002,0.003634971660159946,13.27,HIGH,0.04823607393032248,0.04823607393032248
S1,2026,1509531.4424362124,969882870.0,137210083.797,0.01100160717538471,14.422,HIGH,0.1586651786833983,0.20690125261372078
S1,2027,2530810.2988901706,967732780.5,136926611.172,0.018482968922024223,15.574,HIGH,0.28785375799160523,0.494755010605326
S1,2028,3565474.0424413537,966340604.0,136749934.265,0.026072948858110765,16.726,HIGH,0.43609614260076063,0.9308511532060866
S1,2029,4625042.480261402,967665478.5,136954163.914,0.03377073283559078,17.878,HIGH,0.603753161634692,1.5346043148407786
S1,2030,5190595.264623705,970470777.5,137365424.206,0.03778676690023271,19.03,HIGH,0.7190821741114285,2.2536864889522072
S1,2031,5243209.151432812,973536996.5,137812272.92400002,0.0380460247856467,20.496000000000002,HIGH,0.7797913240066148,3.033477812958822
S1,2032,5281931.919480901,974008198.5,137896579.683,0.03830357454567136,21.962,HIGH,0.8412231041720345,3.8747009171308564
S1,2033,5291368.492613283,968958256.0,137207926.743,0.03856459767462549,23.428,HIGH,0.9034913943211261,4.778192311451982
S1,2034,5293496.046575087,962514487.0,136323193.512,0.03883048738958071,24.894,HIGH,0.9666461530762221,5.744838464528205
S1,2035,5291036.869748319,956699674.5,135525223.074,0.03904097517595884,26.36,HIGH,1.029120105638275,6.77395857016648
S1,2036,5282021.668315001,950836112.5,134719459.062,0.039207562924403756,28.1,HIGH,1.1017325181757456,7.875691088342226
S1,2037,5274132.544403551,946098334.5,134071157.51799999,0.03933830841801647,29.84,HIGH,1.1738551231936114,9.049546211535837
S1,2038,5246715.156101448,938918343.0,133077239.65799999,0.03942608946191829,31.580000000000002,HIGH,1.2450759052073797,10.294622116743216
S1,2039,5195876.368160725,928614752.0,131642381.411,0.039469632138746456,33.32,HIGH,1.315128142863032,11.609750259606248
S1,2040,5129232.473872071,916493912.0,129947873.29699999,0.03947146146939279,35.06,HIGH,1.3838694391169113,12.99361969872316
S1,2041,5055605.676287639,902630241.5,128003197.116,0.03949593283756898,37.184000000000005,HIGH,1.468616766632165,14.462236465355325
S1,2042,4983861.10791112,888491026.5,126017392.26699999,0.03954899413686913,39.308,HIGH,1.5545918615320518,16.016828326887378
S1,2043,4911945.406605333,874210052.5,124010490.72999999,0.03960911192021483,41.432,HIGH,1.641084725078341,17.657913051965718
S1,2044,4843317.0699869655,860618127.5,122099480.595,0.03966697521058333,43.556,HIGH,1.7277347722721674,19.385647824237886
S1,2045,4782264.992774395,848510239.5,120395977.928,0.039721135830918845,45.68,HIGH,1.814461484756373,21.200109308994257
S1,2046,4725577.219479353,837524534.5,118849224.25600001,0.0397611111815127,48.41,HIGH,1.9248353922970298,23.124944701291287
S1,2047,4672474.2003347315,827405193.5,117423345.161,0.03979169724664434,51.14,HIGH,2.0349473971933913,25.15989209848468
S1,2048,4621205.570952874,817788496.5,116067250.018,0.03981489671062428,53.87,HIGH,2.14482848580133,27.30472058428601
S1,2049,4566210.118808899,807675532.5,114640578.52900001,0.039830661859873724,56.599999999999994,HIGH,2.2544154612688527,29.55913604555486
S1,2050,4506295.868879668,796875138.0,113116486.869,0.0398376575653238,59.33,HIGH,2.363568223350661,31.922704268905523
S2,2025,1499538.9697261713,972144522.0,137510376.96400002,0.010904914980479968,13.27,HIGH,0.14470822179096918,0.14470822179096918
S2,2026,4528594.327308641,969882870.0,137210083.797,0.03300482152615416,14.422,HIGH,0.4759955360501953,0.6207037578411645
S2,2027,7592430.89667053,967732780.5,136926611.172,0.0554489067660728,15.574,HIGH,0.8635612739748179,1.4842650318159825
S2,2028,10696422.127324032,966340604.0,136749934.265,0.07821884657433208,16.726,HIGH,1.3082884278022782,2.7925534596182606
S2,2029,13875127.440784195,967665478.5,136954163.914,0.10131219850677227,17.878,HIGH,1.8112594849040746,4.6038129445223355
S2,2030,15571785.793871101,970470777.5,137365424.206,0.11336030070069801,19.03,HIGH,2.157246522334283,6.761059466856619
S2,2031,15729627.454298433,973536996.5,137812272.92400002,0.11413807435694007,20.496000000000002,HIGH,2.339373972019844,9.100433438876463
S2,2032,15845795.758442678,974008198.5,137896579.683,0.11491072363701389,21.962,HIGH,2.523669312516099,11.624102751392561
S2,2033,15874105.477839807,968958256.0,137207926.743,0.11569379302387618,23.428,HIGH,2.710474182963371,14.334576934355933
S2,2034,15880488.139725273,962514487.0,136323193.512,0.11649146216874223,24.894,HIGH,2.899938459228669,17.2345153935846
S2,2035,15873110.609244961,956699674.5,135525223.074,0.11712292552787656,26.36,HIGH,3.0873603169148263,20.321875710499427
S2,2036,15846065.004945017,950836112.5,134719459.062,0.11762268877321137,28.1,HIGH,3.30519755452724,23.627073265026667
S2,2037,15822397.63321061,946098334.5,134071157.51799999,0.1180149252540491,29.84,HIGH,3.521565369580825,27.148638634607494
S2,2038,15740145.468304347,938918343.0,133077239.65799999,0.11827826838575489,31.580000000000002,HIGH,3.73522771562214,30.88386635022963
S2,2039,15587629.104482178,928614752.0,131642381.411,0.1184088964162394,33.32,HIGH,3.945384428589097,34.82925077881873
S2,2040,15387697.421616219,916493912.0,129947873.29699999,0.1184143844081784,35.06,HIGH,4.151608317350735,38.98085909616947
S2,2041,15166817.028862923,902630241.5,128003197.116,0.11848779851270698,37.184000000000005,HIGH,4.405850299896497,43.38670939606596
S2,2042,14951583.323733367,888491026.5,126017392.26699999,0.11864698241060745,39.308,HIGH,4.6637755845961575,48.05048498066212
S2,2043,14735836.21981601,874210052.5,124010490.72999999,0.11882733576064458,41.432,HIGH,4.9232541752350265,52.97373915589715
S2,2044,14529951.209960904,860618127.5,122099480.595,0.11900092563175006,43.556,HIGH,5.183204316816505,58.15694347271365
S2,2045,14346794.978323191,848510239.5,120395977.928,0.11916340749275658,45.68,HIGH,5.443384454269121,63.60032792698277
S2,2046,14176731.658438068,837524534.5,118849224.25600001,0.11928333354453818,48.41,HIGH,5.7745061768910935,69.37483410387387
S2,2047,14017422.601004202,827405193.5,117423345.161,0.11937509173993308,51.14,HIGH,6.104842191580177,75.47967629545404
S2,2048,13863616.712858627,817788496.5,116067250.018,0.11944469013187287,53.87,HIGH,6.434485457403991,81.91416175285804
S2,2049,13698630.356426701,807675532.5,114640578.52900001,0.1194919855796212,56.599999999999994,HIGH,6.763246383806559,88.6774081366646
S2,2050,13518887.606639009,796875138.0,113116486.869,0.11951297269597144,59.33,HIGH,7.090704670051985,95.76811280671657
S3,2025,1224623.4919430218,972144522.0,137510376.96400002,0.008905680567391843,13.27,HIGH,0.11817838112928974,0.11817838112928974
S3,2026,3698352.0339687224,969882870.0,137210083.797,0.026953937579692555,14.422,HIGH,0.38872968777432604,0.5069080689036158
S3,2027,6200485.232280945,967732780.5,136926611.172,0.04528327385895955,15.574,HIGH,0.705241707079436,1.2121497759830517
S3,2028,8735411.40398129,966340604.0,136749934.265,0.06387872470237119,16.726,HIGH,1.0684355493718605,2.280585325354912
S3,2029,11331354.07664043,967665478.5,136954163.914,0.08273829544719738,17.878,HIGH,1.4791952460049949,3.759780571359907
S3,2030,13988654.238160856,970470777.5,137365424.206,0.10183533679612693,19.03,HIGH,1.9379264592302956,5.697707030590203
S3,2031,16699621.147313507,973536996.5,137812272.92400002,0.12117658894228474,20.496000000000002,HIGH,2.4836353669610682,8.181342397551271
S3,2032,19411099.804092273,974008198.5,137896579.683,0.14076563645534196,21.962,HIGH,3.09149490783222,11.27283730538349
S3,2033,22038549.771734282,968958256.0,137207926.743,0.16062154931481487,23.428,HIGH,3.763041657347483,15.035878962730974
S3,2034,24641224.096807033,962514487.0,136323193.512,0.18075591879849823,24.894,HIGH,4.4997378425698145,19.53561680530079
S3,2035,24629776.628678452,956699674.5,135525223.074,0.18173573944408863,26.36,HIGH,4.790554091746176,24.326170897046964
S3,2036,24587810.866006345,950836112.5,134719459.062,0.1825112054130996,28.1,HIGH,5.1285648721080985,29.454735769155064
S3,2037,24551086.994198482,946098334.5,134071157.51799999,0.1831198256858663,29.84,HIGH,5.46429559846625,34.919031367621315
S3,2038,24423459.051652253,938918343.0,133077239.65799999,0.18352844644522973,31.580000000000002,HIGH,5.795828338740355,40.714859706361665
S3,2039,24186804.493788183,928614752.0,131642381.411,0.18373113760586482,33.32,HIGH,6.121921505027416,46.83678121138908
S3,2040,23876577.165874504,916493912.0,129947873.29699999,0.18373965314002352,35.06,HIGH,6.441912239089225,53.27869345047831
S3,2041,23533844.42311897,902630241.5,128003197.116,0.1838535673588837,37.184000000000005,HIGH,6.8364110486727325,60.115104499151045
S3,2042,23199873.457326278,888491026.5,126017392.26699999,0.18410056770712593,39.308,HIGH,7.236625115431706,67.35172961458275
S3,2043,22865105.867747843,874210052.5,124010490.72999999,0.18438041598860017,41.432,HIGH,7.639249395239682,74.99097900982242
S3,2044,22545640.960789338,860618127.5,122099480.595,0.18464976960526552,43.556,HIGH,8.042605364926944,83.03358437474938
S3,2045,22261443.541364826,848510239.5,120395977.928,0.18490188729292736,45.68,HIGH,8.446318211540921,91.4799025862903
S3,2046,21997561.956676405,837524534.5,118849224.25600001,0.18508797254994178,48.41,HIGH,8.96010875114268,100.44001133743298
S3,2047,21750367.402558193,827405193.5,117423345.161,0.18523035068312954,51.14,HIGH,9.472680133935246,109.91269147136822
S3,2048,21511711.93278564,817788496.5,116067250.018,0.1853383441879561,53.87,HIGH,9.984176601405196,119.89686807277342
S3,2049,21255708.103055432,807675532.5,114640578.52900001,0.18541173095771224,56.599999999999994,HIGH,10.494303972206511,130.39117204497992
S3,2050,20976807.269634865,796875138.0,113116486.869,0.18544429596658238,59.33,HIGH,11.002410079697333,141.39358212467727
S4,2025,2499231.6162102614,972144522.0,137510376.96400002,0.018174858300799773,13.27,HIGH,0.24118036965161296,0.24118036965161296
S4,2026,7547657.212181076,969882870.0,137210083.797,0.055008035876923655,14.422,HIGH,0.793325893416993,1.034506263068606
S4,2027,12654051.49445089,967732780.5,136926611.172,0.09241484461012138,15.574,HIGH,1.4392687899580303,2.4737750530266363
S4,2028,17827370.212206695,966340604.0,136749934.265,0.1303647442905533,16.726,HIGH,2.1804807130037944,4.654255766030431
S4,2029,23125212.401306998,967665478.5,136954163.914,0.1688536641779538,17.878,HIGH,3.018765808173458,7.673021574203888
S4,2030,25952976.323118497,970470777.5,137365424.206,0.1889338345011633,19.03,HIGH,3.5954108705571377,11.268432444761027
S4,2031,26216045.75716406,973536996.5,137812272.92400002,0.1902301239282335,20.496000000000002,HIGH,3.898956620033074,15.1673890647941
S4,2032,26409659.597404458,974008198.5,137896579.683,0.19151787272835646,21.962,HIGH,4.206115520860164,19.373504585654267
S4,2033,26456842.46306636,968958256.0,137207926.743,0.19282298837312709,23.428,HIGH,4.517456971605622,23.890961557259885
S4,2034,26467480.23287545,962514487.0,136323193.512,0.19415243694790368,24.894,HIGH,4.833230765381114,28.724192322641002
S4,2035,26455184.348741613,956699674.5,135525223.074,0.19520487587979438,26.36,HIGH,5.1456005281913795,33.86979285083238
S4,2036,26410108.341575027,950836112.5,134719459.062,0.19603781462201894,28.1,HIGH,5.508662590878733,39.37845544171111
S4,2037,26370662.72201769,946098334.5,134071157.51799999,0.19669154209008186,29.84,HIGH,5.869275615968043,45.247731057679154
S4,2038,26233575.780507244,938918343.0,133077239.65799999,0.19713044730959148,31.580000000000002,HIGH,6.2253795260369,51.47311058371606
S4,2039,25979381.84080363,928614752.0,131642381.411,0.19734816069373234,33.32,HIGH,6.575640714315162,58.04875129803122
S4,2040,25646162.369360365,916493912.0,129947873.29699999,0.19735730734696402,35.06,HIGH,6.919347195584559,64.96809849361577
S4,2041,25278028.381438203,902630241.5,128003197.116,0.19747966418784496,37.184000000000005,HIGH,7.343083833160828,72.3111823267766
S4,2042,24919305.53955561,888491026.5,126017392.26699999,0.19774497068434574,39.308,HIGH,7.772959307660262,80.08414163443686
S4,2043,24559727.03302668,874210052.5,124010490.72999999,0.19804555960107426,41.432,HIGH,8.20542362539171,88.28956525982858
S4,2044,24216585.34993484,860618127.5,122099480.595,0.19833487605291675,43.556,HIGH,8.638673861360841,96.92823912118942
S4,2045,23911324.963871986,848510239.5,120395977.928,0.1986056791545943,45.68,HIGH,9.072307423781867,106.00054654497129
S4,2046,23627886.097396776,837524534.5,118849224.25600001,0.1988055559075636,48.41,HIGH,9.624176961485153,115.62472350645643
S4,2047,23362371.00167367,827405193.5,117423345.161,0.1989584862332218,51.14,HIGH,10.174736985966963,125.7994604924234
S4,2048,23106027.854764376,817788496.5,116067250.018,0.19907448355312143,53.87,HIGH,10.724142429006651,136.52360292143004
S4,2049,22831050.5940445,807675532.5,114640578.52900001,0.19915330929936864,56.599999999999994,HIGH,11.272077306344263,147.7956802277743
S4,2050,22531479.344398346,796875138.0,113116486.869,0.19918828782661904,59.33,HIGH,11.817841116753307,159.6135213445276
S5,2025,1199631.175780931,972144522.0,137510376.96400002,0.008723931984383931,13.27,HIGH,0.11576657743277476,0.11576657743277476
S5,2026,3622875.46184691,969882870.0,137210083.797,0.026403857220923303,14.422,HIGH,0.3807964288401559,0.49656300627293065
S5,2027,6073944.717336428,967732780.5,136926611.172,0.044359125412858275,15.574,HIGH,0.6908490191798548,1.1874120254527853
S5,2028,8557137.701859217,966340604.0,136749934.265,0.06257507725946561,16.726,HIGH,1.0466307422418217,2.234042767694607
S5,2029,11100101.952627346,967665478.5,136954163.914,0.08104975880541773,17.878,HIGH,1.4490075879232582,3.6830503556178655
S5,2030,12457428.63509687,970470777.5,137365424.206,0.09068824056055833,19.03,HIGH,1.725797217867425,5.40884757348529
S5,2031,12583701.963438744,973536996.5,137812272.92400002,0.09131045948555204,20.496000000000002,HIGH,1.8714991776158747,7.280346751101165
S5,2032,12676636.60675414,974008198.5,137896579.683,0.0919285789096111,21.962,HIGH,2.018935450012879,9.299282201114044
S5,2033,12699284.382271852,968958256.0,137207926.743,0.09255503441910098,23.428,HIGH,2.1683793463706977,11.467661547484742
S5,2034,12704390.511780206,962514487.0,136323193.512,0.0931931697349937,24.894,HIGH,2.319950767382933,13.787612314867674
S5,2035,12698488.487395983,956699674.5,135525223.074,0.09369834042230137,26.36,HIGH,2.469888253531864,16.25750056839954
S5,2036,12676852.003956012,950836112.5,134719459.062,0.09409815101856908,28.1,HIGH,2.6441580436217915,18.90165861202133
S5,2037,12657918.106568499,946098334.5,134071157.51799999,0.09441194020323934,29.84,HIGH,2.817252295664662,21.71891090768599
S5,2038,12592116.374643479,938918343.0,133077239.65799999,0.09462261470860392,31.580000000000002,HIGH,2.988182172497712,24.707093080183704
S5,2039,12470103.283585731,928614752.0,131642381.411,0.09472711713299144,33.32,HIGH,3.1563075428712746,27.86340062305498
S5,2040,12310157.937292965,916493912.0,129947873.29699999,0.09473150752654265,35.06,HIGH,3.3212866538805854,31.184687276935563
S5,2041,12133453.623090327,902630241.5,128003197.116,0.09479023881016549,37.184000000000005,HIGH,3.524680239917194,34.70936751685276
S5,2042,11961266.658986684,888491026.5,126017392.26699999,0.09491758592848588,39.308,HIGH,3.731020467676923,38.44038798452968
S5,2043,11788668.975852797,874210052.5,124010490.72999999,0.09506186860851557,41.432,HIGH,3.938603340188017,42.378991324717695
S5,2044,11623960.967968713,860618127.5,122099480.595,0.09520074050539996,43.556,HIGH,4.146563453453201,46.5255547781709
S5,2045,11477435.982658545,848510239.5,120395977.928,0.0953307259942052,45.68,HIGH,4.354707563415293,50.88026234158619
S5,2046,11341385.326750442,837524534.5,118849224.25600001,0.09542666683563045,48.41,HIGH,4.619604941512869,55.499867283099064
S5,2047,11213938.080803353,827405193.5,117423345.161,0.0955000733919464,51.14,HIGH,4.8838737532641385,60.3837410363632
S5,2048,11090893.370286893,817788496.5,116067250.018,0.09555575210549823,53.87,HIGH,5.147588365923189,65.53132940228639
S5,2049,10958904.285141353,807675532.5,114640578.52900001,0.09559358846369688,56.599999999999994,HIGH,5.410597107045243,70.94192650933164
S5,2050,10815110.085311197,796875138.0,113116486.869,0.09561037815677706,59.33,HIGH,5.672563736041583,76.61449024537322
S6,2025,2799139.410155505,972144522.0,137510376.96400002,0.020355841296895834,13.27,HIGH,0.27012201400980773,0.27012201400980773
S6,2026,8453376.077642787,969882870.0,137210083.797,0.06160900018215436,14.422,HIGH,0.8885250006270302,1.158647014636838
S6,2027,14172537.673784986,967732780.5,136926611.172,0.10350462596333587,15.574,HIGH,1.6119810447529928,2.7706280593898307
S6,2028,19966654.6376715,966340604.0,136749934.265,0.1460085136054197,16.726,HIGH,2.4421383985642495,5.21276645795408
S6,2029,25900237.889463834,967665478.5,136954163.914,0.18911610387930824,17.878,HIGH,3.3810177051542727,8.593784163108353
S6,2030,31974066.830081988,970470777.5,137365424.206,0.2327664841054332,19.03,HIGH,4.429546192526394,13.023330355634748
S6,2031,38170562.622430876,973536996.5,137812272.92400002,0.276975060439508,20.496000000000002,HIGH,5.676880838768156,18.700211194402904
S6,2032,44368228.123639494,974008198.5,137896579.683,0.3217500261836389,21.962,HIGH,7.066274075045078,25.76648526944798
S6,2033,50373828.04967837,968958256.0,137207926.743,0.3671349698624341,23.428,HIGH,8.601238073937106,34.36772334338509
S6,2034,56322797.93555897,962514487.0,136323193.512,0.4131563858251391,24.894,HIGH,10.285115068731011,44.6528384121161
S6,2035,56296632.29412217,956699674.5,135525223.074,0.4153959758722025,26.36,HIGH,10.949837923991257,55.60267633610736
S6,2036,56200710.55087166,950836112.5,134719459.062,0.41716846951565634,28.1,HIGH,11.722433993389943,67.3251103294973
S6,2037,56116770.272453666,946098334.5,134071157.51799999,0.41855960156769434,29.84,HIGH,12.48981851078,79.8149288402773
S6,2038,55825049.26091942,938918343.0,133077239.65799999,0.4194935918748107,31.580000000000002,HIGH,13.247607631406524,93.06253647168383
S6,2039,55284124.55723013,928614752.0,131642381.411,0.41995688595626246,33.32,HIGH,13.992963440062665,107.0554999117465
S6,2040,54575033.52199886,916493912.0,129947873.29699999,0.4199763500343394,35.06,HIGH,14.724370832203942,121.77987074395043
S6,2041,53791644.3957005,902630241.5,128003197.116,0.42023672539173407,37.184000000000005,HIGH,15.626082396966241,137.40595314091667
S6,2042,53028282.188174345,888491026.5,126017392.26699999,0.42080129761628776,39.308,HIGH,16.54085740670104,153.9468105476177
S6,2043,52263099.126280785,874210052.5,124010490.72999999,0.4214409508310861,41.432,HIGH,17.46114147483356,171.40795202245127
S6,2044,51532893.62466134,860618127.5,122099480.595,0.42205661624060686,43.556,HIGH,18.383097976975872,189.79104999942714
S6,2045,50883299.52311959,848510239.5,120395977.928,0.4226328852409767,45.68,HIGH,19.305870197807817,209.09692019723497
S6,2046,50280141.61526035,837524534.5,118849224.25600001,0.4230582229712954,48.41,HIGH,20.48024857404041,229.57716877127535
S6,2047,49715125.49156158,827405193.5,117423345.161,0.42338365870429606,51.14,HIGH,21.6518403061377,251.22900907741308
S6,2048,49169627.2749386,817788496.5,116067250.018,0.4236305010010425,53.87,HIGH,22.820975088926158,274.04998416633924
S6,2049,48584475.6641267,807675532.5,114640578.52900001,0.42379824218905654,56.599999999999994,HIGH,23.986980507900597,298.0369646742398
S6,2050,47946988.04487968,796875138.0,113116486.869,0.42387267649504534,59.33,HIGH,25.14836589645104,323.18533057069084
S7,2025,7497694.848630803,972144522.0,137510376.96400002,0.054524574902399446,13.27,HIGH,0.7235411089548406,0.7235411089548406
S7,2026,22642971.6365432,969882870.0,137210083.797,0.16502410763077074,14.422,HIGH,2.379977680250976,3.1035187892058165
S7,2027,37962154.483352646,967732780.5,136926611.172,0.27724453383036396,15.574,HIGH,4.317806369874088,7.421325159079904
S7,2028,53482110.636620075,966340604.0,136749934.265,0.3910942328716598,16.726,HIGH,6.541442139011381,13.962767298091286
S7,2029,69375637.20392098,967665478.5,136954163.914,0.5065609925338613,17.878,HIGH,9.056297424520373,23.01906472261166
S7,2030,77858928.96935546,970470777.5,137365424.206,0.5668015035034898,19.03,HIGH,10.786232611671412,33.80529733428307
S7,2031,78648137.27149215,973536996.5,137812272.92400002,0.5706903717847003,20.496000000000002,HIGH,11.696869860099218,45.50216719438229
S7,2032,79228978.79221337,974008198.5,137896579.683,0.5745536181850693,21.962,HIGH,12.618346562580493,58.12051375696278
S7,2033,79370527.38919911,968958256.0,137207926.743,0.5784689651193814,23.428,HIGH,13.552370914816867,71.67288467177966
S7,2034,79402440.69862634,962514487.0,136323193.512,0.582457310843711,24.894,HIGH,14.49969229614334,86.17257696792299
S7,2035,79365553.04622485,956699674.5,135525223.074,0.5856146276393831,26.36,HIGH,15.436801584574138,101.60937855249713
S7,2036,79230325.02472508,950836112.5,134719459.062,0.5881134438660568,28.1,HIGH,16.525987772636196,118.13536632513333
S7,2037,79111988.1660531,946098334.5,134071157.51799999,0.5900746262702458,29.84,HIGH,17.607826847904132,135.74319317303747
S7,2038,78700727.34152173,938918343.0,133077239.65799999,0.5913913419287744,31.580000000000002,HIGH,18.676138578110695,154.41933175114815
S7,2039,77938145.52241088,928614752.0,131642381.411,0.592044482081197,33.32,HIGH,19.726922142945483,174.14625389409363
S7,2040,76938487.10808109,916493912.0,129947873.29699999,0.592071922040892,35.06,HIGH,20.758041586753674,194.9042954808473
S7,2041,75834085.14431462,902630241.5,128003197.116,0.5924389925635349,37.184000000000005,HIGH,22.029251499482484,216.9335469803298
S7,2042,74757916.61866683,888491026.5,126017392.26699999,0.5932349120530372,39.308,HIGH,23.31887792298079,240.25242490331058
S7,2043,73679181.09908004,874210052.5,124010490.72999999,0.5941366788032227,41.432,HIGH,24.616270876175125,264.86869577948573
S7,2044,72649756.04980451,860618127.5,122099480.595,0.5950046281587502,43.556,HIGH,25.91602158408252,290.78471736356823
S7,2045,71733974.89161596,848510239.5,120395977.928,0.5958170374637829,45.68,HIGH,27.216922271345602,318.00163963491383
S7,2046,70883658.29219034,837524534.5,118849224.25600001,0.596416667722691,48.41,HIGH,28.87253088445547,346.8741705193693
S7,2047,70087113.005021,827405193.5,117423345.161,0.5968754586996654,51.14,HIGH,30.524210957900888,377.39838147727016
S7,2048,69318083.56429313,817788496.5,116067250.018,0.5972234506593643,53.87,HIGH,32.17242728701996,409.5708087642902
S7,2049,68493151.7821335,807675532.5,114640578.52900001,0.597459927898106,56.599999999999994,HIGH,33.816231919032795,443.38704068332294
S7,2050,67594438.03319505,796875138.0,113116486.869,0.5975648634798573,59.33,HIGH,35.45352335025993,478.8405640335829
