scenario_id,horizon_years,metric,n_draws,mean,p2_5,median,p97_5,probability_favourable
S4,5,public_payer_net_cost_2025_cny,10000,-5672531876.281225,-13892909568.555582,-5075413148.541362,-1051225820.6561295,0.9976
S4,5,public_payer_medical_savings_2025_cny,10000,7300257173.0327215,2842293701.2222447,6692755615.531768,15498872909.171167,
S4,5,societal_benefit_cost_ratio,10000,60.22133743342828,23.80301778931447,54.956306585854335,127.41995962538881,1.0
S4,5,societal_net_benefit_2025_cny,10000,88125396698.35503,45531057966.63348,83899339070.66132,154350538722.35904,1.0
S4,10,public_payer_net_cost_2025_cny,10000,-35209803178.01683,-78524445124.36218,-31752439882.404278,-11602185969.2682,1.0
S4,10,public_payer_medical_savings_2025_cny,10000,38697788442.30504,15100461709.545013,35225006170.49021,81831857645.89656,
S4,10,societal_benefit_cost_ratio,10000,100.3283839679528,40.886539049579724,91.59965432074725,209.59743645054303,1.0
S4,10,societal_net_benefit_2025_cny,10000,317436051128.2457,166874184002.30072,304490525749.7591,542024831933.70844,1.0
S4,26,public_payer_net_cost_2025_cny,10000,-223739127346.47635,-489799048237.7209,-202528942388.70752,-83528772032.80077,1.0
S4,26,public_payer_medical_savings_2025_cny,10000,231631596582.9975,91434370512.72464,210458085868.4292,497719316764.20685,
S4,26,societal_benefit_cost_ratio,10000,186.590473881398,71.70433900817133,168.94695147313527,407.8792244618622,1.0
S4,26,societal_net_benefit_2025_cny,10000,1341984321721.2512,667649829250.5476,1265727830950.3245,2466287489590.8013,1.0
S6,5,public_payer_net_cost_2025_cny,10000,8223197545.803716,-3295179654.877115,8010418365.862947,21004790845.439896,0.0776
S6,5,public_payer_medical_savings_2025_cny,10000,8201591853.639259,3302450785.8256907,7523471541.867008,16940910215.087933,
S6,5,societal_benefit_cost_ratio,10000,6.678547520906035,2.752401752199037,6.138105561908956,13.71338114933378,1.0
S6,5,societal_net_benefit_2025_cny,10000,84014006369.9275,37686484950.74669,80394557892.84183,151962583994.46152,1.0
S6,10,public_payer_net_cost_2025_cny,10000,-37079045516.41694,-104840247043.71701,-32449084536.414047,4725338204.301342,0.9538
S6,10,public_payer_medical_savings_2025_cny,10000,63069997282.4771,26037419905.72031,57870161464.43785,129236041076.46297,
S6,10,societal_benefit_cost_ratio,10000,20.772415539580127,8.55989000823718,19.2518848466176,41.79139198992181,1.0
S6,10,societal_net_benefit_2025_cny,10000,469615019088.4677,247491518123.0029,452937757025.5982,791088978976.6912,1.0
S6,26,public_payer_net_cost_2025_cny,10000,-424385268027.7103,-929613415073.4624,-384736038948.7372,-138659278589.22995,1.0
S6,26,public_payer_medical_savings_2025_cny,10000,472391466267.5184,190920428288.99664,433971961602.1747,976174037337.7769,
S6,26,societal_benefit_cost_ratio,10000,60.689949549515035,23.942090357841835,55.39037081089026,129.09584428912143,1.0
S6,26,societal_net_benefit_2025_cny,10000,2629810357730.61,1341990439642.4927,2499125783745.725,4648087414028.275,1.0
