check_id,passed,observed,expected,severity
PARENT_DB_EXISTS,True,/workspace/scratch/a723b9488ae5/outputs/ALLdis_GBD2010_2023更新与正式PSA候选_v1.3/input/parent/中国20岁以上成年人身体活动不足13结局综合政策CEA父数据库_v1.xlsx,exists,ERROR
POPULATION_ROWS,True,572,572,ERROR
PA_STRATA,True,22,22,ERROR
PA_BASE_SUM,True,2.220446049250313e-16,<=1e-10,ERROR
PA_TRAJECTORY_SUM,True,2.220446049250313e-16,<=1e-10,ERROR
RR_COMPONENTS,True,15,15,ERROR
GBD_HISTORY_START,True,2010,2010,ERROR
GBD_HISTORY_END,True,2023,2023,ERROR
GBD_HISTORY_YEARS,True,14,14,ERROR
BURDEN_OUTCOMES,True,12,12,ERROR
STROKE_COMPONENTS,True,3,3,ERROR
DALY_IDENTITY,True,1.862645149230957e-09,<1e-6,ERROR
COST_SCHEDULE_ROWS,True,208,208,ERROR
S7_COST_MISSING,True,0,0,ERROR
CVD_V16_PROJECTION_CROSSCHECK,True,7.225431487424222e-08,<1e-6,ERROR
CVD_V16_PA_CROSSCHECK,True,5.551115123125783e-17,<1e-12,ERROR
STRUCTURAL_CASES,True,10,10,ERROR
