sex,age_group,n,inactive_n,moderate_n,high_n,p_inactive,low_prev,moderate_prev,high_prev,probability_sum
Female,20-24,459,245.0,148.0,66.0,0.5337690631808278,0.5337690631808278,0.3224400871459695,0.1437908496732026,1.0
Female,25-29,555,298.0,172.0,85.0,0.5369369369369369,0.5369369369369369,0.3099099099099099,0.15315315315315314,1.0
Female,30-34,530,329.0,140.0,61.0,0.620754716981132,0.620754716981132,0.2641509433962264,0.11509433962264151,0.9999999999999999
Female,35-39,569,365.0,129.0,75.0,0.6414762741652021,0.6414762741652021,0.22671353251318102,0.13181019332161686,1.0
Female,40-44,488,277.0,141.0,70.0,0.5676229508196722,0.5676229508196722,0.2889344262295082,0.14344262295081966,1.0
Female,45-49,443,238.0,123.0,82.0,0.5372460496613995,0.5372460496613995,0.27765237020316025,0.18510158013544017,1.0
Female,50-54,429,213.0,139.0,77.0,0.4965034965034965,0.4965034965034965,0.32400932400932403,0.1794871794871795,1.0
Female,55-59,430,220.0,127.0,83.0,0.5116279069767442,0.5116279069767442,0.29534883720930233,0.1930232558139535,1.0
Male,20-24,482,203.0,145.0,134.0,0.4211618257261411,0.4211618257261411,0.3008298755186722,0.27800829875518673,1.0
Male,25-29,560,281.0,150.0,129.0,0.5017857142857143,0.5017857142857143,0.26785714285714285,0.23035714285714284,0.9999999999999999
Male,30-34,534,252.0,157.0,125.0,0.4719101123595505,0.47191011235955055,0.2940074906367041,0.2340823970037453,1.0
Male,35-39,567,301.0,141.0,125.0,0.5308641975308642,0.5308641975308642,0.24867724867724866,0.2204585537918871,1.0
Male,40-44,494,257.0,121.0,116.0,0.520242914979757,0.520242914979757,0.24493927125506074,0.23481781376518218,1.0
Male,45-49,463,201.0,130.0,132.0,0.4341252699784017,0.43412526997840173,0.28077753779697623,0.28509719222462204,1.0
Male,50-54,468,199.0,132.0,137.0,0.4252136752136752,0.4252136752136752,0.28205128205128205,0.29273504273504275,1.0
Male,55-59,480,236.0,122.0,122.0,0.4916666666666666,0.49166666666666664,0.25416666666666665,0.25416666666666665,1.0
Female,60-64,362,190.30472732006314,113.88560804823521,57.809664631701686,0.5257036666300087,0.5257036666300087,0.31460112720506966,0.15969520616492178,1.0
Female,65-69,215,102.33844054695858,70.82463716357972,41.83692228946168,0.47599274673003994,0.4759927467300399,0.32941691703990567,0.19459033623005434,0.9999999999999998
Female,70+,155,88.34059032017197,35.7041507581804,30.955258921647648,0.5699392923882063,0.5699392923882063,0.2303493597301961,0.19971134788159772,1.0
Male,60-64,304,155.002282862262,75.49335773476162,73.50435940297642,0.5098759304679671,0.5098759304679671,0.24833341360118952,0.24179065593084348,1.0
Male,65-69,218,112.81896552077299,52.11207872635438,53.06895575287258,0.5175181904622614,0.5175181904622614,0.23904623268969902,0.24343557684803938,0.9999999999999999
Male,70+,184,112.94412549171882,47.52783559737382,23.528038910907352,0.6138267689767327,0.6138267689767327,0.2583034543335534,0.12786977668971386,1.0
