horizon_years,end_year,scenario_id,scenario_name_cn,cumulative_avoided_daly_undiscounted,discounted_dalys_averted,cumulative_avoided_deaths_undiscounted,discounted_deaths_averted,cumulative_avoided_incidence,cumulative_avoided_prevalence_patient_years,cumulative_avoided_hypertension_patient_years,discounted_programme_cost_2025_cny,icer_vs_s0_programme_only_cny_per_daly,nmb_wtp_50000_programme_only,nmb_wtp_150000_programme_only,frontier_eligible,decision_view
5,2029,S0,基线趋势情景,0.0,0.0,0.0,0.0,0.0,0.0,0.0,0.0,,0.0,0.0,True,INTERIM_BRIDGE_PROGRAMME_COST_ONLY
5,2029,S1,行为引导与科学健身,214422.3547828062,194787.10158316212,9449.852112836988,8567.682505788529,179269.9599869575,573015.297221543,293423.1461397356,837341331.959587,4298.751432481753,8902013747.198519,28380723905.514732,True,INTERIM_BRIDGE_PROGRAMME_COST_ONLY
5,2029,S2,社区组织与指导服务,643267.064348427,584361.3047494938,28349.55633851153,25703.047517366078,537809.8799608748,1719045.8916646275,880269.4384192372,4669916606.170041,7991.488430555747,24548148631.304653,82984279106.25403,True,INTERIM_BRIDGE_PROGRAMME_COST_ONLY
5,2029,S3,设施可达性与15分钟健身圈,525334.7692178756,477228.39887874736,23152.137676450722,20990.822139181968,439211.4019680441,1403887.478192769,718886.7080423381,8898385997.668415,18645.969138834273,14963033946.268951,62685873834.14369,True,INTERIM_BRIDGE_PROGRAMME_COST_ONLY
5,2029,S4,体卫融合综合服务,1072111.7739140475,973935.5079158256,47249.26056418613,42838.41252894369,896349.7999347874,2865076.48610772,1467115.7306987117,1615312775.3605602,1658.5418256463927,47081462620.430725,144475013412.01328,True,INTERIM_BRIDGE_PROGRAMME_COST_ONLY
5,2029,S5,数字平台与激励增强,514613.65147874376,467489.0437995971,22679.645070809493,20562.438013893112,430247.90396869957,1375236.713331706,704215.5507353562,865875479.752685,1852.1834709004816,22508576710.22717,69257481090.18687,True,INTERIM_BRIDGE_PROGRAMME_COST_ONLY
5,2029,S6,综合政策包,1200765.1867837305,1090807.7688657218,52919.17183188831,47979.02203241678,1003911.7759269592,3208885.664440641,1643169.618382533,16484396828.946087,15112.100683044651,38055991614.34,147136768500.9122,True,INTERIM_BRIDGE_PROGRAMME_COST_ONLY
5,2029,S7,国家目标阈值情景,3216335.3217421463,2921806.523747479,141747.7816925586,128515.23758683125,2689049.3998043556,8595229.458323164,4401347.192096122,,,,,False,INTERIM_BRIDGE_PROGRAMME_COST_ONLY
10,2034,S0,基线趋势情景,0.0,0.0,0.0,0.0,0.0,0.0,0.0,0.0,,0.0,0.0,True,INTERIM_BRIDGE_PROGRAMME_COST_ONLY
10,2034,S1,行为引导与科学健身,963317.9753653381,801670.6948620505,45013.17961467625,37363.376423902926,619021.9721232915,2330668.847004218,944586.396791273,1525134969.0604966,1902.4457034979157,38558399774.04203,118725469260.24707,True,INTERIM_BRIDGE_PROGRAMME_COST_ONLY
10,2034,S2,社区组织与指导服务,2889953.92609601,2405012.08458615,135039.53884402843,112090.1292717087,1857065.916369867,6992006.541012615,2833759.1903737965,11525340716.488886,4792.21738233891,108725263512.8186,349226471971.4336,True,INTERIM_BRIDGE_PROGRAMME_COST_ONLY
10,2034,S3,设施可达性与15分钟健身圈,3329962.115955209,2732444.9046700876,156825.26113873033,128391.28892287417,2072644.9618634877,7952042.743118893,3124259.771037231,9184844338.210854,3361.4014769384057,127437400895.29352,400681891362.30225,True,INTERIM_BRIDGE_PROGRAMME_COST_ONLY
10,2034,S4,体卫融合综合服务,4816589.8768267,4008353.4743102654,225065.89807338186,186816.88211951547,3095109.860616446,11653344.235021072,4722931.983956386,3481608196.3518066,868.5881169576497,196936065519.16147,597771412950.188,True,INTERIM_BRIDGE_PROGRAMME_COST_ONLY
10,2034,S5,数字平台与激励增强,2311963.140876823,1924009.6676689333,108031.631075224,89672.10341736801,1485652.7330958932,5593605.232810119,2267007.352299026,1474928066.6948874,766.5907773123935,94725555316.75179,287126522083.6451,True,INTERIM_BRIDGE_PROGRAMME_COST_ONLY
10,2034,S6,综合政策包,7611341.979326197,6245588.353531635,358457.7397456696,293465.8032522842,4737474.19854511,18176097.698557485,7141165.190942375,25962906334.410618,4156.99928730167,286316511342.17114,910875346695.3347,True,INTERIM_BRIDGE_PROGRAMME_COST_ONLY
10,2034,S7,国家目标阈值情景,14449769.630480127,12025060.422930814,675197.6942201472,560450.6463585477,9285329.581849337,34960032.70506325,14168795.951869106,,,,,False,INTERIM_BRIDGE_PROGRAMME_COST_ONLY
26,2050,S0,基线趋势情景,0.0,0.0,0.0,0.0,0.0,0.0,0.0,0.0,,0.0,0.0,True,INTERIM_BRIDGE_PROGRAMME_COST_ONLY
26,2050,S1,行为引导与科学健身,4676736.848744712,3006874.1351192202,242434.19463863736,154204.2119489609,2399792.18189276,10272834.780814366,3276081.9817784815,3152414126.6557364,1048.402422248627,147191292629.30527,447878706141.2273,True,INTERIM_BRIDGE_PROGRAMME_COST_ONLY
26,2050,S2,社区组织与指导服务,14030210.546233783,9020622.405357461,727302.5839158901,462612.6358468703,7199376.545678147,30818504.342442557,9828245.945335416,27744869612.132103,3075.715661887596,423286250655.74097,1325348491191.487,True,INTERIM_BRIDGE_PROGRAMME_COST_ONLY
26,2050,S3,设施可达性与15分钟健身圈,20615926.971535828,12997666.919067003,1075820.0860752473,672285.378292006,10362130.288340203,44922825.16500457,13977371.719152922,9862587867.576538,758.7967847605448,640020758085.7736,1939787449992.474,True,INTERIM_BRIDGE_PROGRAMME_COST_ONLY
26,2050,S4,体卫融合综合服务,23383684.24372303,15034370.675595805,1212170.9731931535,771021.0597447858,11998960.909463586,51364173.90407106,16380409.908892728,7897153029.385672,525.2732688175996,743821380750.4047,2247258448309.985,True,INTERIM_BRIDGE_PROGRAMME_COST_ONLY
26,2050,S5,数字平台与激励增强,11224168.43698705,7216497.9242859855,581842.0671327141,370090.10867749754,5759501.236542521,24654803.473954093,7862596.756268377,2915910546.247981,404.0617175867181,357908985668.0513,1079558778096.6499,True,INTERIM_BRIDGE_PROGRAMME_COST_ONLY
26,2050,S6,综合政策包,47122118.79208173,29708952.957867336,2459017.339600552,1536652.2932388638,23684869.23049188,102680743.23429598,31948278.21520663,48388255576.79151,1628.7432157375188,1437059392316.5752,4407954688103.309,True,INTERIM_BRIDGE_PROGRAMME_COST_ONLY
26,2050,S7,国家目标阈值情景,70151052.73116925,45103112.0267875,3636512.919579469,2313063.1792343617,35996882.72839083,154092521.7122133,49141229.7266777,,,,,False,INTERIM_BRIDGE_PROGRAMME_COST_ONLY
