scenario_id,year,DALY,Deaths,YLD,YLL,Incidence,Prevalence,Hypertension patient-years,annual_programme_cost_2025_cny,discount_factor_health,discount_factor_cost,discounted_daly,discounted_deaths,discounted_programme_cost
S0,2025,0.0,0.0,0.0,0.0,0.0,0.0,0.0,0.0,1.0,1.0,0.0,0.0,0.0
S0,2026,0.0,0.0,0.0,0.0,0.0,0.0,0.0,0.0,0.970873786407767,0.970873786407767,0.0,0.0,0.0
S0,2027,0.0,0.0,0.0,0.0,0.0,0.0,0.0,0.0,0.9425959091337544,0.9425959091337544,0.0,0.0,0.0
S0,2028,0.0,0.0,0.0,0.0,0.0,0.0,0.0,0.0,0.9151416593531596,0.9151416593531596,0.0,0.0,0.0
S0,2029,0.0,0.0,0.0,0.0,0.0,0.0,0.0,0.0,0.8884870479156888,0.8884870479156888,0.0,0.0,0.0
S0,2030,0.0,0.0,0.0,0.0,0.0,0.0,0.0,0.0,0.8626087843841639,0.8626087843841639,0.0,0.0,0.0
S0,2031,0.0,0.0,0.0,0.0,0.0,0.0,0.0,0.0,0.8374842566836542,0.8374842566836542,0.0,0.0,0.0
S0,2032,0.0,0.0,0.0,0.0,0.0,0.0,0.0,0.0,0.8130915113433536,0.8130915113433536,0.0,0.0,0.0
S0,2033,0.0,0.0,0.0,0.0,0.0,0.0,0.0,0.0,0.7894092343139355,0.7894092343139355,0.0,0.0,0.0
S0,2034,0.0,0.0,0.0,0.0,0.0,0.0,0.0,0.0,0.7664167323436267,0.7664167323436267,0.0,0.0,0.0
S0,2035,0.0,0.0,0.0,0.0,0.0,0.0,0.0,0.0,0.7440939148967249,0.7440939148967249,0.0,0.0,0.0
S0,2036,0.0,0.0,0.0,0.0,0.0,0.0,0.0,0.0,0.7224212765987621,0.7224212765987621,0.0,0.0,0.0
S0,2037,0.0,0.0,0.0,0.0,0.0,0.0,0.0,0.0,0.7013798801929729,0.7013798801929729,0.0,0.0,0.0
S0,2038,0.0,0.0,0.0,0.0,0.0,0.0,0.0,0.0,0.6809513399931775,0.6809513399931775,0.0,0.0,0.0
S0,2039,0.0,0.0,0.0,0.0,0.0,0.0,0.0,0.0,0.661117805818619,0.661117805818619,0.0,0.0,0.0
S0,2040,0.0,0.0,0.0,0.0,0.0,0.0,0.0,0.0,0.6418619473967174,0.6418619473967174,0.0,0.0,0.0
S0,2041,0.0,0.0,0.0,0.0,0.0,0.0,0.0,0.0,0.6231669392201139,0.6231669392201139,0.0,0.0,0.0
S0,2042,0.0,0.0,0.0,0.0,0.0,0.0,0.0,0.0,0.6050164458447708,0.6050164458447708,0.0,0.0,0.0
S0,2043,0.0,0.0,0.0,0.0,0.0,0.0,0.0,0.0,0.5873946076162823,0.5873946076162823,0.0,0.0,0.0
S0,2044,0.0,0.0,0.0,0.0,0.0,0.0,0.0,0.0,0.5702860268119245,0.5702860268119245,0.0,0.0,0.0
S0,2045,0.0,0.0,0.0,0.0,0.0,0.0,0.0,0.0,0.5536757541863345,0.5536757541863345,0.0,0.0,0.0
S0,2046,0.0,0.0,0.0,0.0,0.0,0.0,0.0,0.0,0.5375492759090627,0.5375492759090627,0.0,0.0,0.0
S0,2047,0.0,0.0,0.0,0.0,0.0,0.0,0.0,0.0,0.5218925008825851,0.5218925008825851,0.0,0.0,0.0
S0,2048,0.0,0.0,0.0,0.0,0.0,0.0,0.0,0.0,0.5066917484296942,0.5066917484296942,0.0,0.0,0.0
S0,2049,0.0,0.0,0.0,0.0,0.0,0.0,0.0,0.0,0.49193373633950893,0.49193373633950893,0.0,0.0,0.0
S0,2050,0.0,0.0,0.0,0.0,0.0,0.0,0.0,0.0,0.47760556926165915,0.47760556926165915,0.0,0.0,0.0
S1,2025,574.3670692548777,0.0,574.3670692548777,0.0,3053.0673536216264,3714.5918390880997,5610.866210097267,209032160.00000003,1.0,1.0,574.3670692548777,0.0,209032160.00000003
S1,2026,10635.548433404922,358.3394686142916,4680.061539367345,5955.486894037576,19525.31056778161,37763.78236029301,34456.541976966786,169032160.00000003,0.970873786407767,0.970873786407767,10325.775178063031,347.9023967129045,164108893.20388353
S1,2027,30343.947298818654,1240.058164676136,9993.190119966031,20350.757178852622,34609.08595970434,90430.41104530696,58745.78194308032,169032160.00000003,0.9425959091337544,0.9425959091337544,28602.080590836697,1168.8737531116371,159329022.52804226
S1,2028,63533.57019866612,2813.4247525300693,17335.60881559475,46197.96138307137,51611.6232864257,168329.33159778852,84118.57810612573,169032160.00000003,0.9151416593531596,0.9151416593531596,58142.21685623776,2574.6821964956202,154688371.3864488
S1,2029,109334.9217826616,5038.029727016492,26812.259017318527,82522.66276534306,70470.87281942421,272777.1803790665,110491.37790346544,169032160.00000003,0.8884870479156888,0.8884870479156888,97142.66188876974,4476.224159468366,150182884.8412124
S1,2030,129953.68854652929,6024.347713968068,31836.763827116734,98116.92471941256,81240.39475963463,317601.50960429315,125271.29268846496,169032160.00000003,0.8626087843841639,0.8626087843841639,112099.19330335988,5196.655258253511,145808626.05942953
S1,2031,138388.02975009053,6448.434754837286,33964.219343624754,104423.81040646578,84237.42073275281,332405.7116526944,127681.4967119544,169032160.00000003,0.8374842566836542,0.8374842566836542,115897.79622917,5400.462587427946,141561772.87323254
S1,2032,147966.44801986468,6967.010161577358,36326.03099553836,111640.41702432632,87545.9209471536,348927.80044663395,130129.77704705906,169032160.00000003,0.8130915113433536,0.8130915113433536,120310.26284857953,5664.816821821436,137438614.4400316
S1,2033,159867.3770021193,7672.6030437691215,39110.26390467429,120757.113097445,91340.5548264116,368647.77534819546,132737.04784868655,169032160.00000003,0.7894092343139355,0.7894092343139355,126200.78367102025,6056.823693976553,133435548.00003067
S1,2034,172720.0772639283,8450.931827687426,42180.82428830746,130539.25297562084,95387.7208703813,390070.75273085793,135343.6363553725,169032160.00000003,0.7664167323436267,0.7664167323436267,132375.55722675868,6476.9355566349495,129549075.72818512
S1,2035,182022.43383900874,9051.812840072333,45163.780570046416,136858.6532689623,98924.03042732416,409732.5614687063,137693.44966719474,169032160.00000003,0.7440939148967249,0.7440939148967249,135441.78539429812,6735.398853081864,125775801.67784962
S1,2036,191614.47079730814,9667.418685410235,48192.817704941015,143421.65309236714,102303.5072126176,429139.81442634464,139782.3343913426,169032160.00000003,0.7224212765987621,0.7224212765987621,138426.37060818757,6983.948948128788,122112428.81344624
S1,2037,201169.40177648372,10271.260712963958,51195.89141105267,149973.51036543105,105493.01592690758,447816.9422448231,141602.60489222745,169032160.00000003,0.7013798801929729,0.7013798801929729,141096.1709164822,7204.055608289451,118555756.12955946
S1,2038,211321.5224795938,10918.118691159256,54240.35742471083,157081.165054883,108494.99708267704,466346.11648947623,143131.8941871298,169032160.00000003,0.6809513399931775,0.6809513399931775,143899.67390187777,7434.707552949452,115102675.85394119
S1,2039,222223.5459059894,11619.040144643317,57337.69327465075,164885.85263133864,111310.0078934102,484856.52408833336,144377.90385385824,169032160.00000003,0.661117805818619,0.661117805818619,146915.94307060086,7681.554326145039,111750170.73198175
S1,2040,227932.9272852764,12024.532589887796,58404.28061872808,169528.64666654833,112233.41329157607,493123.44227135554,145354.41223319073,169032160.00000003,0.6418619473967174,0.6418619473967174,146301.4725831619,7718.089904680675,108495311.39027354
S1,2041,233360.51611598127,12407.78190627823,59403.276957709924,173957.23915827135,113034.36889262378,500935.16870717914,146198.1472054748,169032160.00000003,0.6231669392201139,0.6231669392201139,145422.55856282212,7732.119473046114,105335253.77696459
S1,2042,238259.6274907585,12747.634499230442,60303.21769608254,177956.40979467597,113735.11050783667,508076.71028803836,146930.5897509343,169032160.00000003,0.6050164458447708,0.6050164458447708,144150.99301275774,7712.528517652586,102267236.67666465
S1,2043,242658.68791637398,13052.136540350944,61099.33892865693,181559.34898771707,114311.32796361872,514421.5736251512,147522.0384175581,169032160.00000003,0.5873946076162823,0.5873946076162823,142536.4047733204,7666.754621673583,99288579.29773267
S1,2044,246368.66572585294,13307.982884772606,61756.275862793584,184612.3898630594,114715.6094290151,519681.5226525516,147973.77361754875,169032160.00000003,0.5702860268119245,0.5702860268119245,140500.60750775185,7589.356684238063,96396678.92983754
S1,2045,249232.14968445827,13497.194981567733,62250.78394280906,186981.36574164924,114916.07649011654,523761.0904694433,148341.6997744682,169032160.00000003,0.5536757541863345,0.5536757541863345,137993.79844402385,7473.069610819523,93589008.66974518
S1,2046,251282.48039973064,13629.759576600673,62582.239281416856,188700.2411183138,114894.90188122622,526560.7354950601,148556.00569562425,169032160.00000003,0.5375492759090627,0.5375492759090627,135076.71538750845,7326.667391216304,90863115.21334484
S1,2047,252638.29004441298,13716.557072551208,62775.289912272725,189863.00013214024,114681.09234126403,528242.558944197,148637.84125658858,169032160.00000003,0.5218925008825851,0.5218925008825851,131850.02900997858,7158.56827409246,88216616.71198528
S1,2048,253505.38893496577,13770.955764592114,62863.839336581346,190641.54959838442,114322.81682689552,529092.2754658059,148597.05701414478,169032160.00000003,0.5066917484296942,0.5066917484296942,128449.08875580746,6977.6296539091545,85647200.69124784
S1,2049,254378.02218717802,13830.61088867639,62937.95652097488,191440.06566620313,113917.19549993887,529775.4907105686,148470.6346194608,169032160.00000003,0.49193373633950893,0.49193373633950893,125137.13089719298,6803.744090324472,83152622.0303377
S1,2050,255450.74279600108,13908.217245203889,63037.25925972779,192413.4835362733,113482.73810242003,530603.4064631141,148325.19841046227,169032160.00000003,0.47760556926165915,0.47760556926165915,122004.69743139777,6642.642014810428,80730701.00032787
S2,2025,1723.1012077643989,0.0,1723.1012077643989,0.0,9159.202060863645,11143.77551726277,16832.59863028939,341073640.971,1.0,1.0,1723.1012077643989,0.0,341073640.971
S2,2026,31906.645300212356,1075.0184058427083,14040.184618101739,17866.460682110617,58575.93170334491,113291.34708087507,103369.62593091113,672454023.9210001,0.970873786407767,0.970873786407767,30977.325534186755,1043.7071901385518,652867984.3893205
S2,2027,91031.84189645738,3720.1744940283747,29979.570359898968,61052.27153655841,103827.25787911777,271291.23313593346,176237.34582925134,1006763232.969,0.9425959091337544,0.9425959091337544,85806.24177251144,3506.6212593348805,948970904.8628522
S2,2028,190600.71059600046,8440.274257590376,52006.826446784165,138593.8841492163,154834.86985927672,504987.9947933559,252355.7343184037,1344153519.837,0.9151416593531596,0.9151416593531596,174426.6505687152,7724.046589487014,1230090882.5690222
S2,2029,328004.7653479924,15114.089181050074,80436.77705195593,247567.9882960365,211412.61845827167,818331.5411372002,331474.1337103816,1684788986.952,0.8884870479156888,0.8884870479156888,291427.985666316,13428.672478405631,1496913193.3778462
S2,2030,389861.065639604,18073.043141905277,95510.29148135177,294350.77415825217,243721.18427890382,952804.5288128968,375813.87806540803,1684788986.952,0.8626087843841639,0.8626087843841639,336297.5799100935,15589.96577476146,1453313779.9784915
S2,2031,415164.08925027505,19345.304264512186,101892.6580308735,313271.4312194016,252712.26219825784,997217.1349580835,383044.4901358736,1684788986.952,0.8374842566836542,0.8374842566836542,347693.3886875129,16201.387762284114,1410984252.4063025
S2,2032,443899.34405959595,20901.03048473205,108978.09298661456,334921.2510729814,262637.762841461,1046783.4013399,390389.3311411354,1684788986.952,0.8130915113433536,0.8130915113433536,360930.7885457402,16994.450465464288,1369887623.695439
S2,2033,479602.1310063467,23017.809131306753,117330.7917140194,362271.33929232735,274021.6644792326,1105943.3260445578,398211.14354602405,1684788986.952,0.7894092343139355,0.7894092343139355,378602.3510130519,18170.471081929176,1329987984.1703293
S2,2034,518160.2317917613,25352.795483060632,126542.47286491898,391617.7589268423,286163.1626111368,1170212.2581925497,406030.9090661185,1684788986.952,0.7664167323436267,0.7664167323436267,397126.6716802579,19430.806669903588,1291250470.068281
S2,2035,546067.3015170363,27155.438520217725,135491.34171013988,410575.95980689646,296772.09128196805,1229197.6844061245,413080.3490016511,1684788986.952,0.7440939148967249,0.7440939148967249,406325.3561829018,20206.196559246135,1253641233.076001
S2,2036,574843.4123919092,29002.25605622978,144578.45311482088,430264.9592770883,306910.5216378486,1287419.4432790151,419347.0031740155,1684788986.952,0.7224212765987621,0.7224212765987621,415279.11182455166,20951.8468443857,1217127410.753399
S2,2037,603508.2053294487,30813.782138891733,153587.6742331573,449920.53109629144,316479.0477807207,1343450.8267344593,424807.81467673444,1684788986.952,0.7013798801929729,0.7013798801929729,423288.5127494448,21612.16682486825,1181677097.8188338
S2,2038,633964.5674387735,32754.356073477007,162721.07227413412,471243.4951646394,325484.9912480368,1399038.3494684324,429395.6825613887,1684788986.952,0.6809513399931775,0.6809513399931775,431699.0217056279,22304.12265884784,1147259318.2707124
S2,2039,666670.6377179425,34857.1204339284,172013.07982394722,494657.5578939952,333930.0236802218,1454569.5722649612,433133.7115615632,1684788986.952,0.661117805818619,0.661117805818619,440747.8292117856,23044.662978434095,1113843998.3210802
S2,2040,683798.7818558029,36073.59776966179,175212.84185617912,508585.9399996238,336700.2398747191,1479370.3268140273,436063.23669956054,1684788986.952,0.6418619473967174,0.6418619473967174,438904.4177494688,23154.269714041002,1081401940.1175535
S2,2041,700081.548347917,37223.34571883305,178209.83087312456,521871.71747479244,339103.106677862,1502805.5061214978,438594.441616413,1684788986.952,0.6231669392201139,0.6231669392201139,436267.67568844964,23196.358419137323,1049904796.2306342
S2,2042,714778.8824722483,38242.90349768965,180909.65308824234,533869.2293840059,341205.3315235004,1524230.1308640754,440791.76925279235,1684788986.952,0.6050164458447708,0.6050164458447708,432452.97903825674,23137.585552956745,1019325044.8841108
S2,2043,727976.0637490944,39156.40962105113,183298.01678596545,544678.046963129,342933.9838908463,1543264.7208754136,442566.11525266466,1684788986.952,0.5873946076162823,0.5873946076162823,427609.21431994496,23000.263865019748,989635965.9069036
S2,2044,739105.997177531,39923.94865431608,185268.82758837534,553837.1695891556,344146.82828703517,1559044.5679576148,443921.32085263747,1684788986.952,0.5702860268119245,0.5702860268119245,421501.82252323965,22768.0700527132,960811617.3853434
S2,2045,747696.4490533466,40491.58494470144,186752.3518284217,560944.097224925,344748.2294703393,1571283.2714082894,445025.0993233965,1684788986.952,0.5536757541863345,0.5536757541863345,413981.3953320559,22419.2088324576,932826812.9954791
S2,2046,753847.4411991634,40889.27872980025,187746.71784424505,566100.7233549184,344684.70564366825,1579682.2064851397,445668.0170868649,1684788986.952,0.5375492759090627,0.5375492759090627,405230.14616251,21980.00217364796,905657099.9956107
S2,2047,757914.8701332103,41149.67121765184,188325.86973681263,569589.0003963977,344043.27702378156,1584727.67683255,445913.5237697577,1684788986.952,0.5218925008825851,0.5218925008825851,395550.08702992083,21475.70482227645,879278737.8598163
S2,2048,760516.1668048686,41312.86729377456,188591.51800973844,571924.6487951302,342968.450480676,1587276.8263973761,445791.1710424262,1684788986.952,0.5066917484296942,0.5066917484296942,385347.26626740786,20932.88896172656,853668677.5338022
S2,2049,763134.0665615053,41491.83266602739,188813.86956291902,574320.1969985863,341751.5864998061,1589326.4721316644,445411.9038583743,1684788986.952,0.49193373633950893,0.49193373633950893,375411.3926915648,20411.23227097254,828804541.2949535
S2,2050,766352.2283879743,41724.65173560987,189111.7777791777,577240.4506087967,340448.2143072495,1591810.2193893003,444975.59523137857,1684788986.952,0.47760556926165915,0.47760556926165915,366014.0922941795,19927.926044430427,804664603.1989839
S3,2025,1407.1993196741805,0.0,1407.1993196741805,0.0,7480.015016371551,9100.750005764094,13746.622214735991,0.0,1.0,1.0,1407.1993196741805,0.0,0.0
S3,2026,26057.093661840398,877.9316981049104,11466.150771449626,14590.942890390774,47837.0108910643,92521.26678271452,84418.52784358861,2368156624.66,0.970873786407767,0.970873786407767,25298.149186252813,852.360871946515,2299181188.990291
S3,2027,74342.67088210685,3038.142503456498,24483.315793917613,49859.355088189244,84792.26060128005,221554.50706101302,143927.1657605507,2385756624.66,0.9425959091337544,0.9425959091337544,70075.09744755099,2863.7406951234784,2248804434.59327
S3,2028,155657.24698672997,6892.890643698577,42472.24159820676,113185.0053885232,126448.47705174176,412406.8624145688,206090.51636002105,2403356624.66,0.9151416593531596,0.9151416593531596,142448.43129778065,6307.971381414184,2199411769.508761
S3,2029,267870.5583675242,12343.172831190734,65690.03459243021,202180.52377509393,172653.63840758646,668304.0919287087,270703.87586344173,2420956624.66,0.8884870479156888,0.8884870479156888,237999.52162748875,10966.749190697788,2150988604.5760937
S3,2030,350225.19063290727,16235.617089144593,85800.07851408077,264425.1121188265,218942.8638772156,855936.0683835826,337606.13379541284,70400000.0,0.8626087843841639,0.8626087843841639,302107.3259525642,14004.985920993775,60727658.42064514
S3,2031,440765.8747540485,20538.264694157548,108176.03860944453,332589.83614460396,268296.18503381655,1058712.1916138392,406665.56702758255,70400000.0,0.8374842566836542,0.8374842566836542,369134.4809899149,17200.473340958673,58958891.67052926
S3,2032,543776.6964730038,25603.76234379666,133498.16390860363,410278.5325644002,321731.25948079233,1282309.6666413862,478226.93064788,70400000.0,0.8130915113433536,0.8130915113433536,442140.21596853074,20818.201820193673,57241642.39857209
S3,2033,665847.6252138199,31956.39167729813,162894.24916296528,502953.3760508546,380433.41085200524,1535417.9843252103,552849.8042897434,70400000.0,0.7894092343139355,0.7894092343139355,525626.2639897938,25226.670685412137,55574410.09570106
S3,2034,804011.9596635537,39339.0876578827,196351.73706206572,607660.222601488,444029.84065161383,1815779.353962106,630024.6272342745,70400000.0,0.7664167323436267,0.7664167323436267,616208.2188905367,30150.135016133954,53955737.95699132
S3,2035,847314.4295205976,42136.188770537316,210237.398553567,637077.0309670304,460491.36163918977,1907305.073636834,640963.0082009211,70400000.0,0.7440939148967249,0.7440939148967249,630481.5110104666,31353.28166109653,52384211.60872944
S3,2036,891965.3615614454,45001.833980583186,224337.56641649717,667627.7951449482,476222.82607473095,1997645.8361545983,650686.7665916795,70400000.0,0.7224212765987621,0.7224212765987621,644374.7551810958,32510.282353538456,50858457.87255285
S3,2037,936443.5652695183,47812.718618846455,238316.8745184469,698126.6907510714,491069.9891397474,2084587.8661496185,659160.1257733847,70400000.0,0.7013798801929729,0.7013798801929729,656802.6756162152,33534.87885658685,49377143.56558529
S3,2038,983701.6871424905,50823.84250734463,252488.86381203035,731212.8233304602,505044.2114198728,2170841.172258502,666278.9674410705,70400000.0,0.6809513399931775,0.6809513399931775,669852.9820132283,34608.563658978535,47938974.335519694
S3,2039,1034450.6061923553,54086.63187331318,266906.9621934935,767543.6439988618,518148.08674381307,2257007.119631151,672079.142439711,70400000.0,0.661117805818619,0.661117805818619,683893.7149936303,35757.63538820419,46542693.52963078
S3,2040,1061027.776512936,55974.1992059262,271871.9262801734,789155.8502327625,522446.5388722749,2295489.62377312,676624.7889455045,70400000.0,0.6418619473967174,0.6418619473967174,681033.3548746022,35927.708506287585,45187081.096728906
S3,2041,1086293.2025198669,57758.22477372364,276522.25423813384,809770.948281733,526174.9871951517,2331853.2103318786,680552.3752414882,70400000.0,0.6231669392201139,0.6231669392201139,676942.0101099208,35993.01614702871,43870952.52109602
S3,2042,1109098.5659694546,59340.238593916154,280711.47837525833,828387.0875941963,529436.9394139673,2365097.0863907784,683961.8952906039,70400000.0,0.6050164458447708,0.6050164458447708,671022.8724743715,35901.82024967185,42593157.78747186
S3,2043,1129576.1922506944,60757.69559533208,284417.422712892,845158.7695378024,532119.2316706325,2394632.4252250385,686715.0888337396,70400000.0,0.5873946076162823,0.5873946076162823,663506.9642197909,35688.742763889604,41352580.376186274
S3,2044,1146846.138953819,61948.66032861489,287475.4641412981,859370.6748125207,534001.1618920523,2419117.4879475874,688817.9161896978,70400000.0,0.5702860268119245,0.5702860268119245,654030.3279485697,35328.45536512727,40148136.28755949
S3,2045,1160175.6567811265,62829.44263919619,289777.39925377007,870398.2575273564,534934.3360614792,2438107.876135218,690530.6124501592,70400000.0,0.5536757541863345,0.5536757541863345,642361.1317569162,34787.139038363995,38978773.09471795
S3,2046,1169719.946260719,63446.53082907451,291320.3238549893,878399.6224057298,534835.7682570945,2451140.2237294638,691528.2065131408,70400000.0,0.5375492759090627,0.5375492759090627,628782.1101288372,34105.63670611102,37843469.02399801
S3,2047,1176031.240156715,63850.573172724246,292218.97454162326,883812.2656150919,533840.4848485703,2458969.1118851956,691909.1510494293,70400000.0,0.5218925008825851,0.5218925008825851,613761.8850414361,33323.135315899555,36741232.06213399
S3,2048,1180067.5854922384,64103.799084174665,292631.1721117798,887436.4133804585,532172.7123291848,2462924.5422932836,691719.3004008529,70400000.0,0.5066917484296942,0.5066917484296942,597930.5081582699,32480.866038946293,35671099.08945047
S3,2049,1184129.6932812862,64381.49368678697,292976.18760513165,891153.5056761546,530284.5450522016,2466104.9092576536,691130.8041535986,70400000.0,0.49193373633950893,0.49193373633950893,582513.3443264198,31671.428740459618,34632135.03830143
S3,2050,1189123.2077153574,64742.75127642247,293438.44185402634,895684.7658613311,528262.1458667513,2469958.857085752,690453.7986007098,70400000.0,0.47760556926165915,0.47760556926165915,567931.8665431434,30921.498578941762,33623432.07602081
S4,2025,2871.835346273732,0.0,2871.835346273732,0.0,15265.336768104715,18572.959195436175,28054.33105047963,101698499.84,1.0,1.0,2871.835346273732,0.0,101698499.84
S4,2026,53177.74216702117,1791.697343071203,23400.307696836247,29777.434470184922,97626.55283890771,188818.91180145973,172282.70988487144,198222689.04,0.970873786407767,0.970873786407767,51628.875890311814,1739.5119835642747,192449212.66019416
S4,2027,151719.7364940977,6200.290823380724,49965.95059983241,101753.78589426533,173045.4297985322,452152.05522656353,293728.90971543343,368678183.94,0.9425959091337544,0.9425959091337544,143010.40295418768,5844.368765558228,347514547.96870583
S4,2028,317667.8509933339,14067.123762650665,86678.04407797325,230989.80691536065,258058.1164321268,841646.6579889242,420592.89053066896,483343371.72,0.9151416593531596,0.9151416593531596,290711.08428119187,12873.410982478392,442327655.23319185
S4,2029,546674.6089133212,25190.148635083544,134061.29508659334,412613.3138267278,352354.364097116,1363885.9018953366,552456.8895172582,598008559.5,0.8884870479156888,0.8884870479156888,485713.30944386043,22381.120797342795,531322859.65846854
S4,2030,649768.442732684,30121.73856984275,159183.81913558807,490584.62359709595,406201.9737981752,1588007.5480215177,626356.4634423584,458660751.12,0.8626087843841639,0.8626087843841639,560495.9665168318,25983.276291269638,395644792.9683507
S4,2031,691940.1487504614,32242.173774187235,169821.09671812228,522119.0520323391,421187.10366376233,1662028.5582634767,638407.4835598017,458660751.12,0.8374842566836542,0.8374842566836542,579488.9811458573,27002.312937140407,384121158.2216997
S4,2032,739832.2400993237,34835.05080788658,181630.15497769119,558202.0851216326,437729.6047357716,1744639.0022331746,650648.8852352287,458660751.12,0.8130915113433536,0.8130915113433536,601551.3142428979,28324.08410910701,372933163.32203853
S4,2033,799336.8850105846,38363.015218844965,195551.3195233673,603785.5654872173,456702.77413205826,1843238.8767409439,663685.2392434158,458660751.12,0.7894092343139355,0.7894092343139355,631003.9183550919,30284.118469882258,362071032.3514937
S4,2034,863600.3863195986,42254.659138434174,210904.12144153035,652696.2648780684,476938.60435189184,1950353.7636542378,676718.1817768704,458660751.12,0.7664167323436267,0.7664167323436267,661877.7861337605,32384.677783172487,351525274.12766385
S4,2035,910112.1691950558,45259.064200362394,225818.90285023273,684293.2663448231,494620.1521366158,2048662.8073435326,688467.248336111,458660751.12,0.7440939148967249,0.7440939148967249,677208.9269714996,33676.99426540986,341286673.91035324
S4,2036,958072.3539865166,48337.09342704976,240964.0885247023,717108.2654618144,511517.5360630828,2145699.0721316915,698911.6719566729,458660751.12,0.7224212765987621,0.7224212765987621,692131.8530409205,34919.74474064292,331346285.3498575
S4,2037,1005847.008882396,51356.303564818394,255979.4570552585,749867.5518271376,527465.0796345283,2239084.7112240638,708013.0244612264,458660751.12,0.7013798801929729,0.7013798801929729,705480.854582395,36020.278041446276,321695422.6697646
S4,2038,1056607.6123979578,54590.59345579496,271201.7871235582,785405.8252743997,542474.9854133995,2331730.5824473966,715659.4709356418,458660751.12,0.6809513399931775,0.6809513399931775,719498.3695093812,37173.53776474636,312325653.0774413
S4,2039,1111117.7295299089,58095.20072321428,286688.46637324657,824429.2631566622,556550.0394670367,2424282.6204416123,721889.5192692952,458660751.12,0.661117805818619,0.661117805818619,734579.7153529791,38407.77163072367,303228789.3955741
S4,2040,1139664.6364263431,60122.662949436606,292021.4030936331,847643.23333271,561167.0664578656,2465617.2113567227,726772.0611659584,458660751.12,0.6418619473967174,0.6418619473967174,731507.3629157846,38590.449523401854,294396882.90832436
S4,2041,1166802.5805798667,62038.909531388716,297016.38478854223,869786.1957913245,565171.8444631038,2504675.843535841,730990.7360273802,458660751.12,0.6231669392201139,0.6231669392201139,727112.7928140858,38660.597365229056,285822216.41584885
S4,2042,1191298.1374537523,63738.172496149724,301516.0884804052,889782.0489733471,568675.5525391677,2540383.5514401365,734652.9487546794,458660751.12,0.6050164458447708,0.6050164458447708,720754.9650637645,38562.64258826143,277497297.4911154
S4,2043,1213293.4395818291,65260.682701752194,305496.69464327703,907796.7449385521,571556.6398180776,2572107.8681257004,737610.1920878002,458660751.12,0.5873946076162823,0.5873946076162823,712682.023866578,38333.773108366426,269414851.9331217
S4,2044,1231843.3286292236,66539.91442386046,308781.3793139602,923061.9493152633,573578.0471450589,2598407.6132627022,739868.8680877553,458660751.12,0.5702860268119245,0.5702860268119245,702503.0375387358,37946.783421188855,261567817.41079777
S4,2045,1246160.7484222497,67485.97490783606,311253.9197140375,934906.8287082122,574580.3824505657,2618805.4523471603,741708.4988723537,458660751.12,0.5536757541863345,0.5536757541863345,689968.9922200962,37365.348054096175,253949337.29203668
S4,2046,1256412.4019986112,68148.79788300075,312911.1964070764,943501.2055915348,574474.5094061139,2632803.677475244,742780.0284781344,458660751.12,0.5375492759090627,0.5375492759090627,675383.5769375196,36633.336956080115,246552754.6524628
S4,2047,1263191.4502220226,68582.7853627534,313876.44956135564,949315.000660667,573405.4617063027,2641212.7947209277,743189.2062829557,458660751.12,0.5218925008825851,0.5218925008825851,659250.1450498708,35792.84137046093,239371606.45870176
S4,2048,1267526.9446747864,68854.77882295793,314319.1966828987,953207.7479918877,571614.0841344602,2645461.377328971,742985.2850707363,458660751.12,0.5066917484296942,0.5066917484296942,642245.4437790158,34888.148269544436,232399617.92106962
S4,2049,1271890.1109358477,69153.05444337931,314689.7826048663,957200.3283309813,569585.977499677,2648877.4535527844,742353.1730973164,458660751.12,0.49193373633950893,0.49193373633950893,625685.6544859441,34018.72045162106,225630697.0107472
S4,2050,1277253.713979963,69541.08622601679,315186.2962986308,962067.4176813321,567413.6905120829,2653017.0323155113,741625.9920523237,458660751.12,0.47760556926165915,0.47760556926165915,610023.4871569686,33213.210074050876,219058929.13664776
S5,2025,1378.480966211464,0.0,1378.480966211464,0.0,7327.361648690608,8915.020413809902,13466.078904223075,332397560.0,1.0,1.0,1378.480966211464,0.0,332397560.0
S5,2026,25525.31624017121,860.014724674218,11232.147694481911,14293.168545689297,46860.74536267767,90633.07766470496,82695.70074473479,126093560.0,0.970873786407767,0.970873786407767,24781.86042735069,834.9657521108912,122420932.03883496
S5,2027,72825.4735171675,2976.139595222822,23983.656287919577,48841.81722924792,83061.80630329538,217032.9865087508,140989.87666341028,149680760.0,0.9425959091337544,0.9425959091337544,68644.99341801065,2805.2970074680197,141088472.05203128
S5,2028,152480.568476799,6752.2194060722795,41605.46115742697,110875.10731937202,123867.89588742086,403990.3958346811,201884.58745472203,149680760.0,0.9151416593531596,0.9151416593531596,139541.32045497093,6179.237271589592,136979099.07964203
S5,2029,262403.8122783946,12091.271344840176,64349.42164156456,198054.39063683004,169130.09476661505,654665.232909759,265179.306968266,149680760.0,0.8884870479156888,0.8884870479156888,233142.38853305337,10742.937982724608,132989416.58217672
S5,2030,311888.85251168703,14458.434513524428,76408.23318508222,235480.6193266048,194976.94742312367,762243.6230503275,300651.10245232226,149680760.0,0.8626087843841639,0.8626087843841639,269038.0639280781,12471.972619809347,129115938.42929778
S5,2031,332131.2714002203,15476.243411609856,81514.12642469842,250617.14497552186,202169.80975860488,797773.7079664632,306435.5921086927,149680760.0,0.8374842566836542,0.8374842566836542,278154.7109500105,12961.11020982738,125355280.02844444
S5,2032,355119.4752476758,16720.82438778563,87182.47438929151,267937.00085838424,210110.2102731688,837426.7210719205,312311.46491291677,149680760.0,0.8130915113433536,0.8130915113433536,288744.63083659136,13595.560372371421,121704155.36742178
S5,2033,383681.7048050854,18414.247305045938,93864.63337121715,289817.07143386826,219217.33158338798,884754.6608356653,318568.9148368293,149680760.0,0.7894092343139355,0.7894092343139355,302881.88081044785,14536.376865543763,118159374.14312795
S5,2034,414528.1854334113,20282.23638644866,101233.978291935,313294.2071414763,228930.53008890824,936169.8065540375,324824.7272529089,149680760.0,0.7664167323436267,0.7664167323436267,317701.33734420803,15544.64533592299,114717838.97391063
S5,2035,436853.8412136249,21724.35081617375,108393.07336811161,328460.7678455133,237417.67302557675,983358.1475248968,330464.2792013271,149680760.0,0.7440939148967249,0.7440939148967249,325060.2849463184,16164.957247396589,111376542.69311711
S5,2036,459874.72991352447,23201.804844983704,115662.76249185552,344211.967421669,245528.41731027697,1029935.5546232017,335477.60253921343,149680760.0,0.7224212765987621,0.7224212765987621,332223.2894596393,16761.477475508473,108132565.72147292
S5,2037,482806.5642635581,24651.025711113336,122870.13938652526,359936.4248770328,253183.2382245757,1074760.661387562,339846.2517413895,149680760.0,0.7013798801929729,0.7013798801929729,338630.81019955524,17289.733459894567,104983073.51599313
S5,2038,507171.65395101666,26203.484858781507,130176.85781930631,376994.79613171035,260387.99299842835,1119230.6795747424,343516.54604908987,149680760.0,0.6809513399931775,0.6809513399931775,345359.2173645009,17843.298127078204,101925314.0931972
S5,2039,533336.5101743554,27885.696347142817,137610.4638591577,395726.0463151976,267144.0189441775,1163655.6578119714,346506.9692492565,149680760.0,0.661117805818619,0.661117805818619,352598.2633694294,18435.730382747337,98956615.62446332
S5,2040,547039.0254846438,28858.878215729535,140170.27348494323,406868.75199970056,269360.1918997755,1183496.2614512246,348850.5893596544,149680760.0,0.6418619473967174,0.6418619473967174,351123.53419957595,18523.415771232867,96074384.10142069
S5,2041,560065.2386783351,29778.676575066547,142567.86469849964,417497.37397983554,271282.4853422899,1202244.4048972013,350875.5532931364,149680760.0,0.6231669392201139,0.6231669392201139,349014.1405507606,18557.086735309924,93276101.06934045
S5,2042,571823.1059778002,30594.32279815183,144727.72247059387,427095.3835072064,272964.26521880075,1219384.1046912635,352633.4154022398,149680760.0,0.6050164458447708,0.6050164458447708,345962.3832306064,18510.06844236546,90559321.42654413
S5,2043,582380.8509992772,31325.127696841017,146638.41342877236,435742.43757050484,274347.18711267755,1234611.7767003344,354052.8922021376,149680760.0,0.5873946076162823,0.5873946076162823,342087.37145595695,18400.211092015863,87921671.28790691
S5,2044,591284.7977420265,31939.158923452982,148215.0620707003,443069.7356713262,275317.4626296287,1247235.6543660953,355137.0566821159,149680760.0,0.5702860268119245,0.5702860268119245,337201.4580185927,18214.456042170626,85360845.91058925
S5,2045,598157.1592426791,32393.267955761272,149401.88146273742,448755.2777799417,275798.58357627207,1257026.6171266353,356020.0794587232,149680760.0,0.5536757541863345,0.5536757541863345,331185.1162656458,17935.367065966144,82874607.68018374
S5,2046,603077.9529593327,32711.42298384032,150197.3742753961,452880.5786839366,275747.76451493526,1263745.7651881154,356534.4136694979,149680760.0,0.5375492759090627,0.5375492759090627,324184.11693000904,17584.001738918432,80460784.15551819
S5,2047,606331.8961065701,32919.736974121595,150660.69578945014,455671.20031712,275234.6216190259,1267782.1414660437,356730.81901581195,149680760.0,0.5218925008825851,0.5218925008825851,316440.06962393766,17180.563857821224,78117266.17040601
S5,2048,608412.9334438968,33050.29383501977,150873.21440779077,457539.719036106,274374.76038454147,1269821.4611179044,356632.93683394644,149680760.0,0.5066917484296942,0.5066917484296942,308277.81301392725,16746.31116938131,75842005.99068543
S5,2049,610507.2532492062,33193.46613282203,151051.09565033525,459456.157598871,273401.2691998455,1271461.177705335,356329.52308670455,149680760.0,0.49193373633950893,0.49193373633950893,300329.1141532528,16328.985816778093,73633015.52493732
S5,2050,613081.7827103816,33379.721388488026,151289.4222233422,461792.3604870394,272358.57144580025,1273448.1755114438,355980.4761851077,149680760.0,0.47760556926165915,0.47760556926165915,292811.2738353446,15942.340835544403,71488364.58731778
S6,2025,3216.455587826767,0.0,3216.455587826767,0.0,17097.177180278162,20801.714298889936,31420.850776538995,976964360.811,1.0,1.0,3216.455587826767,0.0,976964360.811
S6,2026,59559.07122706322,2006.7010242397566,26208.344620456228,33350.72660660699,109341.73917957461,211477.18121763295,192956.63507104773,3519004057.621,0.970873786407767,0.970873786407767,57824.340997148756,1948.2534215919968,3416508793.806796
S6,2027,169926.10487338738,6944.325722186302,55961.86467181178,113964.2402015756,193810.88137435494,506410.30185374536,328976.37888127525,4058568461.569,0.9425959091337544,0.9425959091337544,160171.65130868825,6545.693017425113,3825590028.814214
S6,2028,355787.99311253533,15755.178614168788,97079.4093673308,258708.58374520452,289025.09040398314,942644.2569476012,471064.03739435517,4352804276.217001,0.9151416593531596,0.9151416593531596,325596.4143949361,14418.220300375839,3983432528.176755
S6,2029,612275.5619829177,28212.966471293465,150148.650496984,462126.91148593376,394636.88778876845,1527552.2101227716,618751.7162593161,4819317431.112,0.8884870479156888,0.8884870479156888,543998.9065771219,25066.855293023837,4281901117.337322
S6,2030,800514.7214466594,37109.98191804584,196114.4651750433,604400.2562716162,500440.8317193519,1956425.2991624952,771671.1629609771,2329532998.072,0.8626087843841639,0.8626087843841639,690531.0307487304,32011.396390843827,2009475627.6496847
S6,2031,1007464.8565806764,46944.60501521695,247259.516821586,760205.3397590903,613248.4229344374,2419913.5808316194,929521.2960630441,2329412998.072,0.8374842566836542,0.8374842566836542,843735.956548372,39315.36763647671,1950846713.1995714
S6,2032,1242918.1633668602,58522.88535724911,305138.66036252043,937779.5030043398,735385.735956093,2930993.523751727,1093090.1271951757,2329412998.072,0.8130915113433536,0.8130915113433536,1010606.2079280656,47584.4613032995,1894025935.1452148
S6,2033,1521937.429060155,73043.18097668084,372329.71237249195,1149607.7166876632,869562.0819474416,3509526.821314765,1263656.695519454,2329412998.072,0.7894092343139355,0.7894092343139355,1201431.4605480966,57660.961566655846,1838860131.2089465
S6,2034,1837741.6220881145,89917.91464658857,448803.97042757773,1388937.6516605369,1014925.3500608271,4150352.809056237,1440056.2908211905,2329412998.072,0.7664167323436267,0.7664167323436267,1408475.9288926488,68914.59432259154,1785301098.2611132
S6,2035,1936718.6960470825,96311.28861837141,480542.6252652956,1456176.070781787,1052551.6837467186,4359554.454027046,1465058.304459221,2329412998.072,0.7440939148967249,0.7440939148967249,1441100.596595354,71664.64379679237,1733302037.1467116
S6,2036,2038777.969283301,102861.33481276144,512771.58038056514,1526006.3889027357,1088509.3167422388,4566047.625496228,1487284.037923813,2329412998.072,0.7224212765987621,0.7224212765987621,1472856.583271074,74309.21680808782,1682817511.792924
S6,2037,2140442.4349017357,109286.21398593324,544724.2846135896,1595718.150288146,1122445.6894622727,4764772.2654848015,1506651.7160534852,2329412998.072,0.7013798801929729,0.7013798801929729,1501263.2585513347,76651.15167219746,1633803409.5076933
S6,2038,2248460.9991828264,116168.78287392994,577117.402998926,1671343.5961839003,1154386.768959706,4961922.67944799,1522923.3541510133,2329412998.072,0.6809513399931775,0.6809513399931775,1531092.5303159442,79105.28836337908,1586216902.4346533
S6,2039,2364458.5284396587,123626.58713900075,610073.0564422712,1754385.4719973875,1184338.4839858597,5158873.416299765,1536180.8970050407,2329412998.072,0.661117805818619,0.661117805818619,1563185.634271148,81731.73803018048,1540016410.1307316
S6,2040,2425206.346315271,127941.0267564019,621421.5457832539,1803784.8005320174,1194163.5174223438,5246833.42576712,1546570.9461611402,2329412998.072,0.6418619473967174,0.6418619473967174,1556647.6682847978,82120.47658579965,1495161563.2337198
S6,2041,2482955.89147397,132018.79948279602,632050.8668300206,1850905.0246439495,1202685.6850174905,5329950.195044284,1555548.2862662454,2329412998.072,0.6231669392201139,0.6231669392201139,1547296.0231083832,82269.75119320795,1451613168.1880774
S6,2042,2535082.436501599,135634.83107180745,641626.2362863051,1893456.2002152938,1210141.5758033546,5405936.197464624,1563341.4749499382,2329412998.072,0.6050164458447708,0.6050164458447708,1533766.5656556992,82061.30342782082,1409333172.9981334
S6,2043,2581888.439430147,138874.73278932954,650096.9662008963,1931791.4732292504,1216272.529532875,5473445.543371505,1569634.4887628194,2329412998.072,0.5873946076162823,0.5873946076162823,1516587.3467880865,81574.26917460427,1368284633.97877
S6,2044,2621362.6033230023,141596.93789397596,657086.7751801102,1964275.828142892,1220574.0843246914,5529411.401023045,1574440.9512907239,2329412998.072,0.5702860268119245,0.5702860268119245,1494926.463882438,80750.75512029039,1328431683.474534
S6,2045,2651830.0726425624,143610.15460387606,662348.3411514746,1989481.7314910875,1222707.05385481,5572818.002594772,1578355.6856003494,2329412998.072,0.5536757541863345,0.5536757541863345,1468254.015444373,79513.46065911718,1289739498.5189652
S6,2046,2673645.5914530596,145020.6418950265,665875.0259542615,2007770.5654987982,1222481.7560162165,5602606.225667333,1580635.9006014508,2329412998.072,0.5375492759090627,0.5375492759090627,1437216.2517230497,77955.74104253897,1252174270.4067624
S6,2047,2688071.406072479,145944.16725194015,667929.0846665679,2020142.3214059114,1220206.8225110185,5620500.827166149,1581506.6309701107,2329412998.072,0.5218925008825851,0.5218925008825851,1402884.308666133,76167.16643634131,1215703175.1521964
S6,2048,2697297.3382679606,146522.9693352554,668871.2505412113,2028426.0877267495,1216394.7710381376,5629541.810956066,1581072.686630508,2329412998.072,0.5066917484296942,0.5066917484296942,1366698.3043617534,74241.97951759103,1180294344.8079576
S6,2049,2706582.156071499,147157.6998555121,669659.8573831585,2036922.2986883405,1212078.960119319,5636811.22116034,1579727.55235107,2329412998.072,0.49193373633950893,0.49193373633950893,1331459.0727460964,72391.83712105008,1145916839.6193762
S6,2050,2717995.9033493763,147983.43148896468,670716.4385234893,2047279.464825887,1207456.3334097187,5645620.244767422,1578180.1110873253,2329412998.072,0.47760556926165915,0.47760556926165915,1298129.9806700363,70677.71103758071,1112540620.9896858
S7,2025,8615.506038821633,0.0,8615.506038821633,0.0,45796.01030431629,55718.8775863117,84162.99315142525,,1.0,1.0,8615.506038821633,0.0,
S7,2026,159533.2265010607,5375.092029213528,70200.92309050742,89332.30341055329,292879.65851671674,566456.7354043713,516848.1296545939,,0.970873786407767,0.970873786407767,154886.62767093274,5218.535950692745,
S7,2027,455159.2094822886,18600.8724701419,149897.85179949598,305261.3576827926,519136.28939559433,1356456.1656796793,881186.7291462923,,0.9425959091337544,0.9425959091337544,429031.2088625588,17533.10629667443,
S7,2028,953003.5529800078,42201.37128795234,260034.1322339217,692969.4207460862,774174.3492963843,2524939.9739667857,1261778.6715920474,,0.9151416593531596,0.9151416593531596,872133.2528435811,38620.23294743549,
S7,2029,1640023.8267399673,75570.44590525086,402183.8852597799,1237839.9414801875,1057063.0922913442,4091657.705686016,1657370.6685517624,,0.8884870479156888,0.8884870479156888,1457139.9283315847,67143.36239202859,
S7,2030,1949305.3281980488,90365.21570952804,477551.457406764,1471753.8707912848,1218605.9213945288,4764022.644064552,1879069.3903270867,,0.8626087843841639,0.8626087843841639,1681487.8995504924,77949.82887380873,
S7,2031,2075820.44625139,96726.52132256205,509463.2901543661,1566357.156097024,1263561.310991281,4986085.674790419,1915222.4506793765,,0.8374842566836542,0.8374842566836542,1738466.9434375768,81006.93881142151,
S7,2032,2219496.720297975,104505.15242365997,544890.4649330731,1674606.2553649016,1313188.8142073106,5233917.00669953,1951946.65570569,,0.8130915113433536,0.8130915113433536,1804653.9427286969,84972.25232732121,
S7,2033,2398010.655031761,115089.04565653515,586653.9585701037,1811356.696461657,1370108.3223961804,5529716.630222849,1991055.7177302253,,0.7894092343139355,0.7894092343139355,1893011.7550652814,90852.35540964697,
S7,2034,2590801.1589588057,126763.9774153033,632712.3643245928,1958088.7946342127,1430815.8130556792,5851061.290962739,2030154.545330606,,0.7664167323436267,0.7664167323436267,1985633.358401289,97154.03334951805,
S7,2035,2730336.507585176,135777.1926010878,677456.7085506992,2052879.7990344765,1483860.4564098462,6145988.422030619,2065401.7450082973,,0.7440939148967249,0.7440939148967249,2031626.780914505,101030.98279623005,
S7,2036,2874217.0619595484,145011.28028114926,722892.2655741051,2151324.7963854433,1534552.6081892466,6437097.216395067,2096735.0158700256,,0.7224212765987621,0.7224212765987621,2076395.5591227603,104759.23422192874,
S7,2037,3017541.0266471896,154068.91069445526,767938.3711657764,2249602.6554814135,1582395.2389035805,6717254.133672197,2124039.073383681,,0.7013798801929729,0.7013798801929729,2116442.563747186,108060.83412433887,
S7,2038,3169822.8371938304,163771.7803673822,813605.3613706664,2356217.475823164,1627424.9562401883,6995191.747342092,2146978.4128069086,,0.6809513399931775,0.6809513399931775,2158495.1085281144,111520.61329423726,
S7,2039,3333353.188589738,174285.60216964345,860065.3991197433,2473287.789469995,1669650.118401117,7272847.861324848,2165668.5578078516,,0.661117805818619,0.661117805818619,2203739.146058945,115223.31489217142,
S7,2040,3418993.9092790415,180367.98884831046,876064.209280903,2542929.6999981385,1683501.1993736038,7396851.634070179,2180316.1834978415,,0.6418619473967174,0.6418619473967174,2194522.088747361,115771.34857020597,
S7,2041,3500407.7417396125,186116.7285941668,891049.1543656305,2609358.587373982,1695515.5333893183,7514027.530607534,2192972.2080821074,,0.6231669392201139,0.6231669392201139,2181338.378442265,115981.79209568759,
S7,2042,3573894.41236127,191214.51748844984,904548.2654412196,2669346.1469200505,1706026.6576175103,7621150.654320421,2203958.8462640056,,0.6050164458447708,0.6050164458447708,2162264.895191301,115687.92776478469,
S7,2043,3639880.318745501,195782.04810525727,916490.0839298351,2723390.2348156655,1714669.91945424,7716323.604377112,2212830.5762633686,,0.5873946076162823,0.5873946076162823,2138046.071599742,115001.3193250997,
S7,2044,3695529.9858876844,199619.7432715821,926344.1379418848,2769185.8479457996,1720734.1414351843,7795222.839788118,2219606.604263234,,0.5702860268119245,0.5702860268119245,2107509.112616215,113840.35026356696,
S7,2045,3738482.245266763,202457.9247235089,933761.7591421166,2804720.4861246464,1723741.147351705,7856416.357041492,2225125.4966170304,,0.5536757541863345,0.5536757541863345,2069906.9766602963,112096.04416228893,
S7,2046,3769237.205995848,204446.39364900294,938733.5892212334,2830503.6167746144,1723423.5282183497,7898411.032425743,2228340.0854343725,,0.5375492759090627,0.5375492759090627,2026150.7308125666,109900.01086824072,
S7,2047,3789574.350666082,205748.35608826095,941629.3486840712,2847945.001982011,1720216.3851189162,7923638.384162794,2229567.6188488365,,0.5218925008825851,0.5218925008825851,1977750.43514962,107378.52411138316,
S7,2048,3802580.8340243734,206564.33646887454,942957.5900487003,2859623.2439756733,1714842.2524033885,7936384.131986924,2228955.855212178,,0.5066917484296942,0.5066917484296942,1926736.3313370547,104664.44480863369,
S7,2049,3815670.332807557,207459.16333013866,944069.3478146032,2871600.984992954,1708757.932499039,7946632.360658364,2227059.519291918,,0.49193373633950893,0.49193373633950893,1877056.963457839,102056.16135486355,
S7,2050,3831761.141939903,208623.25867805112,945558.8888958967,2886202.2530440064,1702241.0715362567,7959051.096946544,2224877.976156939,,0.47760556926165915,0.47760556926165915,1830070.4614709124,99639.63022215298,
