horizon_years,end_year,scenario_id,scenario_name_cn,cumulative_avoided_daly_undiscounted,discounted_dalys_averted,cumulative_avoided_deaths_undiscounted,discounted_deaths_averted,cumulative_avoided_incidence,cumulative_avoided_prevalence_patient_years,cumulative_avoided_hypertension_patient_years,discounted_programme_cost_2025_cny,icer_vs_s0_programme_only_cny_per_daly,nmb_wtp_50000_programme_only,nmb_wtp_150000_programme_only,frontier_eligible,decision_view,incremental_cost,incremental_dalys,incremental_icer
5,2029,S0,基线趋势情景,0.0,0.0,0.0,0.0,0.0,0.0,0.0,0.0,,0.0,0.0,True,INTERIM_BRIDGE_PROGRAMME_COST_ONLY,,,
5,2029,S4,体卫融合综合服务,1072111.7739140475,973935.5079158256,47249.26056418613,42838.41252894369,896349.7999347874,2865076.48610772,1467115.7306987117,1615312775.3605602,1658.5418256463927,47081462620.430725,144475013412.01328,True,INTERIM_BRIDGE_PROGRAMME_COST_ONLY,1615312775.3605602,973935.5079158256,1658.5418256463927
5,2029,S6,综合政策包,1200765.1867837305,1090807.7688657218,52919.17183188831,47979.02203241678,1003911.7759269592,3208885.664440641,1643169.618382533,16484396828.946087,15112.100683044651,38055991614.34,147136768500.9122,True,INTERIM_BRIDGE_PROGRAMME_COST_ONLY,14869084053.585527,116872.26094989618,127225.09116136626
10,2034,S0,基线趋势情景,0.0,0.0,0.0,0.0,0.0,0.0,0.0,0.0,,0.0,0.0,True,INTERIM_BRIDGE_PROGRAMME_COST_ONLY,,,
10,2034,S5,数字平台与激励增强,2311963.140876823,1924009.6676689333,108031.631075224,89672.10341736801,1485652.7330958932,5593605.232810119,2267007.352299026,1474928066.6948874,766.5907773123935,94725555316.75179,287126522083.6451,True,INTERIM_BRIDGE_PROGRAMME_COST_ONLY,1474928066.6948874,1924009.6676689333,766.5907773123935
10,2034,S4,体卫融合综合服务,4816589.8768267,4008353.4743102654,225065.89807338186,186816.88211951547,3095109.860616446,11653344.235021072,4722931.983956386,3481608196.3518066,868.5881169576497,196936065519.16147,597771412950.188,True,INTERIM_BRIDGE_PROGRAMME_COST_ONLY,2006680129.6569192,2084343.806641332,962.7395073994254
10,2034,S6,综合政策包,7611341.979326197,6245588.353531635,358457.7397456696,293465.8032522842,4737474.19854511,18176097.698557485,7141165.190942375,25962906334.410618,4156.99928730167,286316511342.17114,910875346695.3347,True,INTERIM_BRIDGE_PROGRAMME_COST_ONLY,22481298138.05881,2237234.87922137,10048.698215308994
26,2050,S0,基线趋势情景,0.0,0.0,0.0,0.0,0.0,0.0,0.0,0.0,,0.0,0.0,True,INTERIM_BRIDGE_PROGRAMME_COST_ONLY,,,
26,2050,S5,数字平台与激励增强,11224168.43698705,7216497.9242859855,581842.0671327141,370090.10867749754,5759501.236542521,24654803.473954093,7862596.756268377,2915910546.247981,404.0617175867181,357908985668.0513,1079558778096.6499,True,INTERIM_BRIDGE_PROGRAMME_COST_ONLY,2915910546.247981,7216497.9242859855,404.0617175867181
26,2050,S4,体卫融合综合服务,23383684.24372303,15034370.675595805,1212170.9731931535,771021.0597447858,11998960.909463586,51364173.90407106,16380409.908892728,7897153029.385672,525.2732688175996,743821380750.4047,2247258448309.985,True,INTERIM_BRIDGE_PROGRAMME_COST_ONLY,4981242483.137691,7817872.7513098195,637.1608545691824
26,2050,S6,综合政策包,47122118.79208173,29708952.957867336,2459017.339600552,1536652.2932388638,23684869.23049188,102680743.23429598,31948278.21520663,48388255576.79151,1628.7432157375188,1437059392316.5752,4407954688103.309,True,INTERIM_BRIDGE_PROGRAMME_COST_ONLY,40491102547.40584,14674582.28227153,2759.26781209462
