age_group,avoided_value,discounted_avoided_daly,contribution_share
20-24,168834.61936710248,115537.66267616561,0.003888984672062287
25-29,242582.25165527134,161417.6594409888,0.005433300179575774
30-34,391035.2466446833,254355.1766426709,0.00856156650836509
35-39,631944.2147666963,414787.3883330483,0.013961696627992641
40-44,753911.3582282771,503685.5406341156,0.01695399839060073
45-49,986614.8115188801,657767.0150427648,0.022140363410841083
50-54,1227073.8802674145,803775.7045616724,0.027054999403768005
55-59,2400249.6031947136,1546581.894054647,0.05205777181875039
60-64,3390736.291104396,2211320.551467015,0.07443279992408576
65-69,3493236.4489135435,2283932.0679333415,0.07687689536458489
70+,33435900.06642075,20755792.297080904,0.6986376236993734
