scenario_id,year,total_avoided_incidence,covered_avoided_incidence,partial_direct_medical_savings_2025_cny,avoided_incidence_coverage_share,result_status
S0,2025,0.0,0.0,0.0,,INCOMPLETE_D4_TOTAL_DIRECT_MEDICAL_SAVINGS_NOT_HEADLINE
S0,2026,0.0,0.0,0.0,,INCOMPLETE_D4_TOTAL_DIRECT_MEDICAL_SAVINGS_NOT_HEADLINE
S0,2027,0.0,0.0,0.0,,INCOMPLETE_D4_TOTAL_DIRECT_MEDICAL_SAVINGS_NOT_HEADLINE
S0,2028,0.0,0.0,0.0,,INCOMPLETE_D4_TOTAL_DIRECT_MEDICAL_SAVINGS_NOT_HEADLINE
S0,2029,0.0,0.0,0.0,,INCOMPLETE_D4_TOTAL_DIRECT_MEDICAL_SAVINGS_NOT_HEADLINE
S0,2030,0.0,0.0,0.0,,INCOMPLETE_D4_TOTAL_DIRECT_MEDICAL_SAVINGS_NOT_HEADLINE
S0,2031,0.0,0.0,0.0,,INCOMPLETE_D4_TOTAL_DIRECT_MEDICAL_SAVINGS_NOT_HEADLINE
S0,2032,0.0,0.0,0.0,,INCOMPLETE_D4_TOTAL_DIRECT_MEDICAL_SAVINGS_NOT_HEADLINE
S0,2033,0.0,0.0,0.0,,INCOMPLETE_D4_TOTAL_DIRECT_MEDICAL_SAVINGS_NOT_HEADLINE
S0,2034,0.0,0.0,0.0,,INCOMPLETE_D4_TOTAL_DIRECT_MEDICAL_SAVINGS_NOT_HEADLINE
S0,2035,0.0,0.0,0.0,,INCOMPLETE_D4_TOTAL_DIRECT_MEDICAL_SAVINGS_NOT_HEADLINE
S0,2036,0.0,0.0,0.0,,INCOMPLETE_D4_TOTAL_DIRECT_MEDICAL_SAVINGS_NOT_HEADLINE
S0,2037,0.0,0.0,0.0,,INCOMPLETE_D4_TOTAL_DIRECT_MEDICAL_SAVINGS_NOT_HEADLINE
S0,2038,0.0,0.0,0.0,,INCOMPLETE_D4_TOTAL_DIRECT_MEDICAL_SAVINGS_NOT_HEADLINE
S0,2039,0.0,0.0,0.0,,INCOMPLETE_D4_TOTAL_DIRECT_MEDICAL_SAVINGS_NOT_HEADLINE
S0,2040,0.0,0.0,0.0,,INCOMPLETE_D4_TOTAL_DIRECT_MEDICAL_SAVINGS_NOT_HEADLINE
S0,2041,0.0,0.0,0.0,,INCOMPLETE_D4_TOTAL_DIRECT_MEDICAL_SAVINGS_NOT_HEADLINE
S0,2042,0.0,0.0,0.0,,INCOMPLETE_D4_TOTAL_DIRECT_MEDICAL_SAVINGS_NOT_HEADLINE
S0,2043,0.0,0.0,0.0,,INCOMPLETE_D4_TOTAL_DIRECT_MEDICAL_SAVINGS_NOT_HEADLINE
S0,2044,0.0,0.0,0.0,,INCOMPLETE_D4_TOTAL_DIRECT_MEDICAL_SAVINGS_NOT_HEADLINE
S0,2045,0.0,0.0,0.0,,INCOMPLETE_D4_TOTAL_DIRECT_MEDICAL_SAVINGS_NOT_HEADLINE
S0,2046,0.0,0.0,0.0,,INCOMPLETE_D4_TOTAL_DIRECT_MEDICAL_SAVINGS_NOT_HEADLINE
S0,2047,0.0,0.0,0.0,,INCOMPLETE_D4_TOTAL_DIRECT_MEDICAL_SAVINGS_NOT_HEADLINE
S0,2048,0.0,0.0,0.0,,INCOMPLETE_D4_TOTAL_DIRECT_MEDICAL_SAVINGS_NOT_HEADLINE
S0,2049,0.0,0.0,0.0,,INCOMPLETE_D4_TOTAL_DIRECT_MEDICAL_SAVINGS_NOT_HEADLINE
S0,2050,0.0,0.0,0.0,,INCOMPLETE_D4_TOTAL_DIRECT_MEDICAL_SAVINGS_NOT_HEADLINE
S1,2025,3053.0673536216264,0.0,0.0,0.0,INCOMPLETE_D4_TOTAL_DIRECT_MEDICAL_SAVINGS_NOT_HEADLINE
S1,2026,19525.31056778161,514.3708175706065,2174293.6220467067,0.02634379698007781,INCOMPLETE_D4_TOTAL_DIRECT_MEDICAL_SAVINGS_NOT_HEADLINE
S1,2027,34609.08595970434,1780.4549207412572,7511292.599668157,0.05144472531907535,INCOMPLETE_D4_TOTAL_DIRECT_MEDICAL_SAVINGS_NOT_HEADLINE
S1,2028,51611.6232864257,4075.4143969505717,18870267.70276323,0.07896311213335622,INCOMPLETE_D4_TOTAL_DIRECT_MEDICAL_SAVINGS_NOT_HEADLINE
S1,2029,70470.87281942421,7350.477873700818,35482570.466773145,0.10430519134530673,INCOMPLETE_D4_TOTAL_DIRECT_MEDICAL_SAVINGS_NOT_HEADLINE
S1,2030,81240.39475963464,8631.06431417826,44133152.71904967,0.1062410435069269,INCOMPLETE_D4_TOTAL_DIRECT_MEDICAL_SAVINGS_NOT_HEADLINE
S1,2031,84237.42073275281,9084.303148835865,48944060.3014687,0.10784165837242625,INCOMPLETE_D4_TOTAL_DIRECT_MEDICAL_SAVINGS_NOT_HEADLINE
S1,2032,87545.92094715362,9626.99111432777,54306518.28056791,0.10996504474650537,INCOMPLETE_D4_TOTAL_DIRECT_MEDICAL_SAVINGS_NOT_HEADLINE
S1,2033,91340.5548264116,10344.037063052936,60674528.230281256,0.11324692610759032,INCOMPLETE_D4_TOTAL_DIRECT_MEDICAL_SAVINGS_NOT_HEADLINE
S1,2034,95387.7208703813,11109.005591647734,67507414.78642364,0.1164615895031535,INCOMPLETE_D4_TOTAL_DIRECT_MEDICAL_SAVINGS_NOT_HEADLINE
S1,2035,98924.03042732416,11511.100073808168,69869432.04966155,0.11636303155141811,INCOMPLETE_D4_TOTAL_DIRECT_MEDICAL_SAVINGS_NOT_HEADLINE
S1,2036,102303.50721261761,11892.012616196655,72085947.78657034,0.11624247242551966,INCOMPLETE_D4_TOTAL_DIRECT_MEDICAL_SAVINGS_NOT_HEADLINE
S1,2037,105493.01592690757,12233.013369378985,74060317.78204304,0.11596040990860298,INCOMPLETE_D4_TOTAL_DIRECT_MEDICAL_SAVINGS_NOT_HEADLINE
S1,2038,108494.99708267706,12585.550760592061,76040011.57423204,0.11600120834144474,INCOMPLETE_D4_TOTAL_DIRECT_MEDICAL_SAVINGS_NOT_HEADLINE
S1,2039,111310.00789341019,12961.536171187803,78085919.7802163,0.11644538003806175,INCOMPLETE_D4_TOTAL_DIRECT_MEDICAL_SAVINGS_NOT_HEADLINE
S1,2040,112233.41329157607,13326.117630388384,80035009.5377208,0.11873574223184216,INCOMPLETE_D4_TOTAL_DIRECT_MEDICAL_SAVINGS_NOT_HEADLINE
S1,2041,113034.3688926238,13672.40706272118,81896581.9802618,0.1209579634642733,INCOMPLETE_D4_TOTAL_DIRECT_MEDICAL_SAVINGS_NOT_HEADLINE
S1,2042,113735.11050783667,13984.15508920078,83592689.75107259,0.12295372138612581,INCOMPLETE_D4_TOTAL_DIRECT_MEDICAL_SAVINGS_NOT_HEADLINE
S1,2043,114311.32796361872,14264.092307104343,85120119.83740608,0.12478284139647212,INCOMPLETE_D4_TOTAL_DIRECT_MEDICAL_SAVINGS_NOT_HEADLINE
S1,2044,114715.6094290151,14500.977975524605,86420261.03135464,0.1264080629279808,INCOMPLETE_D4_TOTAL_DIRECT_MEDICAL_SAVINGS_NOT_HEADLINE
S1,2045,114916.07649011654,14684.836429335479,87462728.17993501,0.12778748524884123,INCOMPLETE_D4_TOTAL_DIRECT_MEDICAL_SAVINGS_NOT_HEADLINE
S1,2046,114894.90188122622,14819.675567254315,88246563.47943255,0.12898462268216485,INCOMPLETE_D4_TOTAL_DIRECT_MEDICAL_SAVINGS_NOT_HEADLINE
S1,2047,114681.09234126401,14913.68996687507,88807003.66473728,0.13004488937457476,INCOMPLETE_D4_TOTAL_DIRECT_MEDICAL_SAVINGS_NOT_HEADLINE
S1,2048,114322.81682689552,14977.742590425585,89203946.25243136,0.13101271475058626,INCOMPLETE_D4_TOTAL_DIRECT_MEDICAL_SAVINGS_NOT_HEADLINE
S1,2049,113917.19549993888,15043.057061336007,89595637.80704534,0.13205255795947046,INCOMPLETE_D4_TOTAL_DIRECT_MEDICAL_SAVINGS_NOT_HEADLINE
S1,2050,113482.73810242003,15123.40906460255,90062046.19007757,0.13326616292033266,INCOMPLETE_D4_TOTAL_DIRECT_MEDICAL_SAVINGS_NOT_HEADLINE
S2,2025,9159.202060863645,0.0,0.0,0.0,INCOMPLETE_D4_TOTAL_DIRECT_MEDICAL_SAVINGS_NOT_HEADLINE
S2,2026,58575.93170334492,1543.11245271162,6522880.866139465,0.026343796980074365,INCOMPLETE_D4_TOTAL_DIRECT_MEDICAL_SAVINGS_NOT_HEADLINE
S2,2027,103827.25787911777,5341.364762223534,22533877.79900221,0.05144472531907071,INCOMPLETE_D4_TOTAL_DIRECT_MEDICAL_SAVINGS_NOT_HEADLINE
S2,2028,154834.86985927672,12226.243190852254,56610803.1082935,0.0789631121333599,INCOMPLETE_D4_TOTAL_DIRECT_MEDICAL_SAVINGS_NOT_HEADLINE
S2,2029,211412.61845827167,22051.4336211035,106447711.40032357,0.10430519134531216,INCOMPLETE_D4_TOTAL_DIRECT_MEDICAL_SAVINGS_NOT_HEADLINE
S2,2030,243721.18427890382,25893.19294253626,132399458.1571553,0.10624104350693302,INCOMPLETE_D4_TOTAL_DIRECT_MEDICAL_SAVINGS_NOT_HEADLINE
S2,2031,252712.26219825787,27252.909446507798,146832180.9044064,0.10784165837242729,INCOMPLETE_D4_TOTAL_DIRECT_MEDICAL_SAVINGS_NOT_HEADLINE
S2,2032,262637.762841461,28880.973342983234,162919554.84170413,0.10996504474650504,INCOMPLETE_D4_TOTAL_DIRECT_MEDICAL_SAVINGS_NOT_HEADLINE
S2,2033,274021.6644792326,31032.111189157607,182023584.6908346,0.11324692610758683,INCOMPLETE_D4_TOTAL_DIRECT_MEDICAL_SAVINGS_NOT_HEADLINE
S2,2034,286163.1626111368,33327.01677494102,202522244.3592553,0.11646158950314875,INCOMPLETE_D4_TOTAL_DIRECT_MEDICAL_SAVINGS_NOT_HEADLINE
S2,2035,296772.09128196805,34533.30022142529,209608296.14898834,0.11636303155142252,INCOMPLETE_D4_TOTAL_DIRECT_MEDICAL_SAVINGS_NOT_HEADLINE
S2,2036,306910.5216378486,35676.037848588596,216257843.359703,0.11624247242551682,INCOMPLETE_D4_TOTAL_DIRECT_MEDICAL_SAVINGS_NOT_HEADLINE
S2,2037,316479.0477807207,36699.040108136716,222180953.3461329,0.11596040990860297,INCOMPLETE_D4_TOTAL_DIRECT_MEDICAL_SAVINGS_NOT_HEADLINE
S2,2038,325484.9912480368,37756.65228177543,228120034.72269756,0.11600120834144043,INCOMPLETE_D4_TOTAL_DIRECT_MEDICAL_SAVINGS_NOT_HEADLINE
S2,2039,333930.0236802218,38884.60851356111,234257759.34063238,0.1164453800380579,INCOMPLETE_D4_TOTAL_DIRECT_MEDICAL_SAVINGS_NOT_HEADLINE
S2,2040,336700.2398747192,39978.352891162795,240105028.61314547,0.11873574223183835,INCOMPLETE_D4_TOTAL_DIRECT_MEDICAL_SAVINGS_NOT_HEADLINE
S2,2041,339103.106677862,41017.22118816113,245689745.94076815,0.12095796346426954,INCOMPLETE_D4_TOTAL_DIRECT_MEDICAL_SAVINGS_NOT_HEADLINE
S2,2042,341205.3315235004,41952.46526759989,250778069.25320023,0.1229537213861221,INCOMPLETE_D4_TOTAL_DIRECT_MEDICAL_SAVINGS_NOT_HEADLINE
S2,2043,342933.9838908463,42792.276921310535,255360359.51220047,0.12478284139646843,INCOMPLETE_D4_TOTAL_DIRECT_MEDICAL_SAVINGS_NOT_HEADLINE
S2,2044,344146.82828703517,43502.93392657129,259260783.09404594,0.12640806292797716,INCOMPLETE_D4_TOTAL_DIRECT_MEDICAL_SAVINGS_NOT_HEADLINE
S2,2045,344748.2294703393,44054.50928800389,262388184.53978688,0.12778748524883765,INCOMPLETE_D4_TOTAL_DIRECT_MEDICAL_SAVINGS_NOT_HEADLINE
S2,2046,344684.70564366825,44459.02670176036,264739690.43827933,0.12898462268216124,INCOMPLETE_D4_TOTAL_DIRECT_MEDICAL_SAVINGS_NOT_HEADLINE
S2,2047,344043.27702378156,44741.06990062262,266421010.99419338,0.13004488937457118,INCOMPLETE_D4_TOTAL_DIRECT_MEDICAL_SAVINGS_NOT_HEADLINE
S2,2048,342968.45048067597,44933.22777127415,267611838.75727552,0.1310127147505827,INCOMPLETE_D4_TOTAL_DIRECT_MEDICAL_SAVINGS_NOT_HEADLINE
S2,2049,341751.586499806,45129.171184005405,268786913.4211174,0.1320525579594669,INCOMPLETE_D4_TOTAL_DIRECT_MEDICAL_SAVINGS_NOT_HEADLINE
S2,2050,340448.2143072495,45370.227193805025,270186138.570214,0.13326616292032908,INCOMPLETE_D4_TOTAL_DIRECT_MEDICAL_SAVINGS_NOT_HEADLINE
S3,2025,7480.015016371551,0.0,0.0,0.0,INCOMPLETE_D4_TOTAL_DIRECT_MEDICAL_SAVINGS_NOT_HEADLINE
S3,2026,47837.0108910643,1260.208503047842,5327019.374013874,0.026343796980075152,INCOMPLETE_D4_TOTAL_DIRECT_MEDICAL_SAVINGS_NOT_HEADLINE
S3,2027,84792.26060128005,4362.11455581589,18402666.869185332,0.051444725319070427,INCOMPLETE_D4_TOTAL_DIRECT_MEDICAL_SAVINGS_NOT_HEADLINE
S3,2028,126448.47705174176,9984.765272529128,46232155.87177226,0.07896311213335877,INCOMPLETE_D4_TOTAL_DIRECT_MEDICAL_SAVINGS_NOT_HEADLINE
S3,2029,172653.63840758643,18008.670790567667,86932297.64359725,0.10430519134531231,INCOMPLETE_D4_TOTAL_DIRECT_MEDICAL_SAVINGS_NOT_HEADLINE
S3,2030,218942.8638772156,23260.71832671141,118938846.5778431,0.10624104350693134,INCOMPLETE_D4_TOTAL_DIRECT_MEDICAL_SAVINGS_NOT_HEADLINE
S3,2031,268296.18503381655,28933.505529043003,155886832.06018034,0.1078416583724296,INCOMPLETE_D4_TOTAL_DIRECT_MEDICAL_SAVINGS_NOT_HEADLINE
S3,2032,321731.25948079233,35379.192345154224,199576454.68108535,0.1099650447465034,INCOMPLETE_D4_TOTAL_DIRECT_MEDICAL_SAVINGS_NOT_HEADLINE
S3,2033,380433.41085200524,43082.91436761444,252709410.07911274,0.1132469261075873,INCOMPLETE_D4_TOTAL_DIRECT_MEDICAL_SAVINGS_NOT_HEADLINE
S3,2034,444029.8406516139,51712.42102911694,314247015.8307787,0.11646158950314904,INCOMPLETE_D4_TOTAL_DIRECT_MEDICAL_SAVINGS_NOT_HEADLINE
S3,2035,460491.36163918977,53584.17084357774,325242206.1911802,0.11636303155142075,INCOMPLETE_D4_TOTAL_DIRECT_MEDICAL_SAVINGS_NOT_HEADLINE
S3,2036,476222.826074731,55357.31872839363,335560086.9464729,0.11624247242551686,INCOMPLETE_D4_TOTAL_DIRECT_MEDICAL_SAVINGS_NOT_HEADLINE
S3,2037,491069.9891397474,56944.67723445813,344750779.27541566,0.1159604099086026,INCOMPLETE_D4_TOTAL_DIRECT_MEDICAL_SAVINGS_NOT_HEADLINE
S3,2038,505044.2114198729,58585.73879055427,353966253.87805116,0.11600120834143866,INCOMPLETE_D4_TOTAL_DIRECT_MEDICAL_SAVINGS_NOT_HEADLINE
S3,2039,518148.086743813,60335.950876876595,363489956.57688695,0.11644538003805925,INCOMPLETE_D4_TOTAL_DIRECT_MEDICAL_SAVINGS_NOT_HEADLINE
S3,2040,522446.538872275,62033.07756945524,372562969.39806986,0.11873574223183966,INCOMPLETE_D4_TOTAL_DIRECT_MEDICAL_SAVINGS_NOT_HEADLINE
S3,2041,526174.9871951517,63645.05487696436,381228589.1180979,0.12095796346427087,INCOMPLETE_D4_TOTAL_DIRECT_MEDICAL_SAVINGS_NOT_HEADLINE
S3,2042,529436.9394139673,65096.241940226864,389123970.7912218,0.12295372138612347,INCOMPLETE_D4_TOTAL_DIRECT_MEDICAL_SAVINGS_NOT_HEADLINE
S3,2043,532119.2316706325,66399.34968956791,396234157.84310395,0.12478284139646982,INCOMPLETE_D4_TOTAL_DIRECT_MEDICAL_SAVINGS_NOT_HEADLINE
S3,2044,534001.1618920523,67502.05247606421,402286315.10093427,0.12640806292797857,INCOMPLETE_D4_TOTAL_DIRECT_MEDICAL_SAVINGS_NOT_HEADLINE
S3,2045,534934.3360614792,68357.9135785538,407138999.6775757,0.12778748524883907,INCOMPLETE_D4_TOTAL_DIRECT_MEDICAL_SAVINGS_NOT_HEADLINE
S3,2046,534835.7682570945,68985.58976556594,410787752.9967365,0.12898462268216268,INCOMPLETE_D4_TOTAL_DIRECT_MEDICAL_SAVINGS_NOT_HEADLINE
S3,2047,533840.4848485703,69423.22679580054,413396602.05932987,0.13004488937457262,INCOMPLETE_D4_TOTAL_DIRECT_MEDICAL_SAVINGS_NOT_HEADLINE
S3,2048,532172.7123291849,69721.39175842816,415244369.8050457,0.13101271475058412,INCOMPLETE_D4_TOTAL_DIRECT_MEDICAL_SAVINGS_NOT_HEADLINE
S3,2049,530284.5450522016,70025.43062051616,417067693.99177366,0.13205255795946835,INCOMPLETE_D4_TOTAL_DIRECT_MEDICAL_SAVINGS_NOT_HEADLINE
S3,2050,528262.1458667513,70399.46919572193,419238825.0147886,0.1332661629203306,INCOMPLETE_D4_TOTAL_DIRECT_MEDICAL_SAVINGS_NOT_HEADLINE
S4,2025,15265.336768104715,0.0,0.0,0.0,INCOMPLETE_D4_TOTAL_DIRECT_MEDICAL_SAVINGS_NOT_HEADLINE
S4,2026,97626.55283890771,2571.8540878527247,10871468.110232545,0.026343796980074746,INCOMPLETE_D4_TOTAL_DIRECT_MEDICAL_SAVINGS_NOT_HEADLINE
S4,2027,173045.42979853216,8902.274603706028,37556462.99833757,0.05144472531907075,INCOMPLETE_D4_TOTAL_DIRECT_MEDICAL_SAVINGS_NOT_HEADLINE
S4,2028,258058.11643212682,20377.071984753733,94351338.51382199,0.07896311213336013,INCOMPLETE_D4_TOTAL_DIRECT_MEDICAL_SAVINGS_NOT_HEADLINE
S4,2029,352354.36409711593,36752.38936850605,177412852.33387437,0.10430519134531381,INCOMPLETE_D4_TOTAL_DIRECT_MEDICAL_SAVINGS_NOT_HEADLINE
S4,2030,406201.9737981752,43155.32157089458,220665763.59526235,0.10624104350693445,INCOMPLETE_D4_TOTAL_DIRECT_MEDICAL_SAVINGS_NOT_HEADLINE
S4,2031,421187.10366376233,45421.51574417972,244720301.50734258,0.10784165837242764,INCOMPLETE_D4_TOTAL_DIRECT_MEDICAL_SAVINGS_NOT_HEADLINE
S4,2032,437729.6047357716,48134.95557163812,271532591.40283555,0.10996504474650283,INCOMPLETE_D4_TOTAL_DIRECT_MEDICAL_SAVINGS_NOT_HEADLINE
S4,2033,456702.7741320583,51720.185315263094,303372641.15139437,0.11324692610758676,INCOMPLETE_D4_TOTAL_DIRECT_MEDICAL_SAVINGS_NOT_HEADLINE
S4,2034,476938.6043518919,55545.02795823454,337537073.9320905,0.11646158950314839,INCOMPLETE_D4_TOTAL_DIRECT_MEDICAL_SAVINGS_NOT_HEADLINE
S4,2035,494620.15213661577,57555.50036904165,349347160.2483109,0.11636303155142094,INCOMPLETE_D4_TOTAL_DIRECT_MEDICAL_SAVINGS_NOT_HEADLINE
S4,2036,511517.5360630828,59460.06308098121,360429738.93283784,0.11624247242551682,INCOMPLETE_D4_TOTAL_DIRECT_MEDICAL_SAVINGS_NOT_HEADLINE
S4,2037,527465.0796345283,61165.06684689341,370301588.9102183,0.11596040990860222,INCOMPLETE_D4_TOTAL_DIRECT_MEDICAL_SAVINGS_NOT_HEADLINE
S4,2038,542474.9854133995,62927.753802958614,380200057.87116003,0.11600120834143858,INCOMPLETE_D4_TOTAL_DIRECT_MEDICAL_SAVINGS_NOT_HEADLINE
S4,2039,556550.0394670367,64807.680855935265,390429598.9010565,0.11644538003805799,INCOMPLETE_D4_TOTAL_DIRECT_MEDICAL_SAVINGS_NOT_HEADLINE
S4,2040,561167.0664578656,66630.58815193808,400175047.6885783,0.11873574223183843,INCOMPLETE_D4_TOTAL_DIRECT_MEDICAL_SAVINGS_NOT_HEADLINE
S4,2041,565171.8444631038,68362.03531360197,409482909.9012828,0.1209579634642696,INCOMPLETE_D4_TOTAL_DIRECT_MEDICAL_SAVINGS_NOT_HEADLINE
S4,2042,568675.5525391677,69920.7754459999,417963448.7553363,0.12295372138612216,INCOMPLETE_D4_TOTAL_DIRECT_MEDICAL_SAVINGS_NOT_HEADLINE
S4,2043,571556.6398180776,71320.46153551765,425600599.1870033,0.12478284139646852,INCOMPLETE_D4_TOTAL_DIRECT_MEDICAL_SAVINGS_NOT_HEADLINE
S4,2044,573578.0471450589,72504.8898776189,432101305.15674573,0.12640806292797724,INCOMPLETE_D4_TOTAL_DIRECT_MEDICAL_SAVINGS_NOT_HEADLINE
S4,2045,574580.3824505657,73424.1821466732,437313640.89964736,0.12778748524883773,INCOMPLETE_D4_TOTAL_DIRECT_MEDICAL_SAVINGS_NOT_HEADLINE
S4,2046,574474.5094061139,74098.37783626735,441232817.3971348,0.12898462268216135,INCOMPLETE_D4_TOTAL_DIRECT_MEDICAL_SAVINGS_NOT_HEADLINE
S4,2047,573405.4617063027,74568.44983437112,444035018.3236583,0.1300448893745713,INCOMPLETE_D4_TOTAL_DIRECT_MEDICAL_SAVINGS_NOT_HEADLINE
S4,2048,571614.0841344602,74888.71295212366,446019731.2621286,0.1310127147505828,INCOMPLETE_D4_TOTAL_DIRECT_MEDICAL_SAVINGS_NOT_HEADLINE
S4,2049,569585.977499677,75215.28530667577,447978189.0351985,0.13205255795946702,INCOMPLETE_D4_TOTAL_DIRECT_MEDICAL_SAVINGS_NOT_HEADLINE
S4,2050,567413.6905120829,75617.04532300847,450310230.9503596,0.13326616292032917,INCOMPLETE_D4_TOTAL_DIRECT_MEDICAL_SAVINGS_NOT_HEADLINE
S5,2025,7327.361648690608,0.0,0.0,0.0,INCOMPLETE_D4_TOTAL_DIRECT_MEDICAL_SAVINGS_NOT_HEADLINE
S5,2026,46860.74536267767,1234.4899621693585,5218304.692911844,0.026343796980074722,INCOMPLETE_D4_TOTAL_DIRECT_MEDICAL_SAVINGS_NOT_HEADLINE
S5,2027,83061.80630329537,4273.091809778955,18027102.239202276,0.051444725319071544,INCOMPLETE_D4_TOTAL_DIRECT_MEDICAL_SAVINGS_NOT_HEADLINE
S5,2028,123867.89588742086,9780.994552681741,45288642.486634344,0.07896311213335973,INCOMPLETE_D4_TOTAL_DIRECT_MEDICAL_SAVINGS_NOT_HEADLINE
S5,2029,169130.09476661505,17641.146896882983,85158169.12025991,0.10430519134531466,INCOMPLETE_D4_TOTAL_DIRECT_MEDICAL_SAVINGS_NOT_HEADLINE
S5,2030,194976.94742312364,20714.554354029267,105919566.5257251,0.10624104350693403,INCOMPLETE_D4_TOTAL_DIRECT_MEDICAL_SAVINGS_NOT_HEADLINE
S5,2031,202169.80975860488,21802.327557206303,117465744.72352466,0.10784165837242837,INCOMPLETE_D4_TOTAL_DIRECT_MEDICAL_SAVINGS_NOT_HEADLINE
S5,2032,210110.21027316884,23104.778674386514,130335643.87336257,0.10996504474650466,INCOMPLETE_D4_TOTAL_DIRECT_MEDICAL_SAVINGS_NOT_HEADLINE
S5,2033,219217.33158338798,24825.688951326578,145618867.75266922,0.1132469261075881,INCOMPLETE_D4_TOTAL_DIRECT_MEDICAL_SAVINGS_NOT_HEADLINE
S5,2034,228930.53008890824,26661.61341995298,162017795.4874056,0.11646158950315008,INCOMPLETE_D4_TOTAL_DIRECT_MEDICAL_SAVINGS_NOT_HEADLINE
S5,2035,237417.67302557672,27626.640177139845,167686636.91918927,0.11636303155141976,INCOMPLETE_D4_TOTAL_DIRECT_MEDICAL_SAVINGS_NOT_HEADLINE
S5,2036,245528.41731027697,28540.830278870802,173006274.6877611,0.11624247242551741,INCOMPLETE_D4_TOTAL_DIRECT_MEDICAL_SAVINGS_NOT_HEADLINE
S5,2037,253183.23822457573,29359.23208650958,177744762.67690897,0.11596040990860416,INCOMPLETE_D4_TOTAL_DIRECT_MEDICAL_SAVINGS_NOT_HEADLINE
S5,2038,260387.99299842835,30205.321825419804,182496027.77815202,0.11600120834143883,INCOMPLETE_D4_TOTAL_DIRECT_MEDICAL_SAVINGS_NOT_HEADLINE
S5,2039,267144.01894417754,31107.68681084895,187406207.47250724,0.11644538003805811,INCOMPLETE_D4_TOTAL_DIRECT_MEDICAL_SAVINGS_NOT_HEADLINE
S5,2040,269360.1918997755,31982.68231293031,192084022.8905177,0.11873574223183853,INCOMPLETE_D4_TOTAL_DIRECT_MEDICAL_SAVINGS_NOT_HEADLINE
S5,2041,271282.48534228996,32813.776950528976,196551796.75261587,0.12095796346426965,INCOMPLETE_D4_TOTAL_DIRECT_MEDICAL_SAVINGS_NOT_HEADLINE
S5,2042,272964.26521880075,33561.972214079986,200622455.4025616,0.12295372138612216,INCOMPLETE_D4_TOTAL_DIRECT_MEDICAL_SAVINGS_NOT_HEADLINE
S5,2043,274347.18711267755,34233.82153704851,204288287.60976177,0.1247828413964685,INCOMPLETE_D4_TOTAL_DIRECT_MEDICAL_SAVINGS_NOT_HEADLINE
S5,2044,275317.4626296287,34802.34714125711,207408626.47523814,0.12640806292797716,INCOMPLETE_D4_TOTAL_DIRECT_MEDICAL_SAVINGS_NOT_HEADLINE
S5,2045,275798.58357627207,35243.60743040319,209910547.63183093,0.12778748524883768,INCOMPLETE_D4_TOTAL_DIRECT_MEDICAL_SAVINGS_NOT_HEADLINE
S5,2046,275747.76451493526,35567.221361408374,211791752.3506249,0.12898462268216124,INCOMPLETE_D4_TOTAL_DIRECT_MEDICAL_SAVINGS_NOT_HEADLINE
S5,2047,275234.6216190259,35792.85592049817,213136808.79535615,0.13004488937457115,INCOMPLETE_D4_TOTAL_DIRECT_MEDICAL_SAVINGS_NOT_HEADLINE
S5,2048,274374.76038454147,35946.58221701941,214089471.00582194,0.13101271475058268,INCOMPLETE_D4_TOTAL_DIRECT_MEDICAL_SAVINGS_NOT_HEADLINE
S5,2049,273401.2691998455,36103.33694720441,215029530.73689544,0.13205255795946688,INCOMPLETE_D4_TOTAL_DIRECT_MEDICAL_SAVINGS_NOT_HEADLINE
S5,2050,272358.57144580025,36296.181755044105,216148910.85617274,0.13326616292032908,INCOMPLETE_D4_TOTAL_DIRECT_MEDICAL_SAVINGS_NOT_HEADLINE
S6,2025,17097.177180278162,0.0,0.0,0.0,INCOMPLETE_D4_TOTAL_DIRECT_MEDICAL_SAVINGS_NOT_HEADLINE
S6,2026,109341.73917957461,2880.476578395034,12176044.283460258,0.026343796980075072,INCOMPLETE_D4_TOTAL_DIRECT_MEDICAL_SAVINGS_NOT_HEADLINE
S6,2027,193810.88137435497,9970.5475561506,42063238.558137536,0.051444725319070246,INCOMPLETE_D4_TOTAL_DIRECT_MEDICAL_SAVINGS_NOT_HEADLINE
S6,2028,289025.09040398314,22822.32062292431,105673499.13548169,0.07896311213336027,INCOMPLETE_D4_TOTAL_DIRECT_MEDICAL_SAVINGS_NOT_HEADLINE
S6,2029,394636.8877887684,41162.67609272665,198702394.6139388,0.10430519134531388,INCOMPLETE_D4_TOTAL_DIRECT_MEDICAL_SAVINGS_NOT_HEADLINE
S6,2030,500440.8317193519,53167.3561753415,271860220.7493596,0.1062410435069332,INCOMPLETE_D4_TOTAL_DIRECT_MEDICAL_SAVINGS_NOT_HEADLINE
S6,2031,613248.4229344374,66133.72692352624,356312758.99469507,0.10784165837242865,INCOMPLETE_D4_TOTAL_DIRECT_MEDICAL_SAVINGS_NOT_HEADLINE
S6,2032,735385.735956093,80866.72536035179,456174753.55676323,0.10996504474650298,INCOMPLETE_D4_TOTAL_DIRECT_MEDICAL_SAVINGS_NOT_HEADLINE
S6,2033,869562.0819474416,98475.23284026109,577621508.7522569,0.1132469261075866,INCOMPLETE_D4_TOTAL_DIRECT_MEDICAL_SAVINGS_NOT_HEADLINE
S6,2034,1014925.350060827,118199.81949512364,718278893.3274884,0.1164615895031488,INCOMPLETE_D4_TOTAL_DIRECT_MEDICAL_SAVINGS_NOT_HEADLINE
S6,2035,1052551.6837467186,122478.10478532084,743410757.0084102,0.11636303155142112,INCOMPLETE_D4_TOTAL_DIRECT_MEDICAL_SAVINGS_NOT_HEADLINE
S6,2036,1088509.3167422388,126531.0142363274,766994484.4490767,0.11624247242551641,INCOMPLETE_D4_TOTAL_DIRECT_MEDICAL_SAVINGS_NOT_HEADLINE
S6,2037,1122445.6894622727,130159.26225018891,788001781.2009442,0.11596040990860235,INCOMPLETE_D4_TOTAL_DIRECT_MEDICAL_SAVINGS_NOT_HEADLINE
S6,2038,1154386.7689597062,133910.26009269423,809065723.149821,0.11600120834143791,INCOMPLETE_D4_TOTAL_DIRECT_MEDICAL_SAVINGS_NOT_HEADLINE
S6,2039,1184338.4839858597,137910.7448614313,830834186.4614528,0.11644538003805835,INCOMPLETE_D4_TOTAL_DIRECT_MEDICAL_SAVINGS_NOT_HEADLINE
S6,2040,1194163.5174223436,141789.8915873253,851572501.4812994,0.11873574223183879,INCOMPLETE_D4_TOTAL_DIRECT_MEDICAL_SAVINGS_NOT_HEADLINE
S6,2041,1202685.6850174905,145474.41114734608,871379632.2699345,0.12095796346426993,INCOMPLETE_D4_TOTAL_DIRECT_MEDICAL_SAVINGS_NOT_HEADLINE
S6,2042,1210141.5758033546,148791.41014908894,889426218.9513606,0.12295372138612254,INCOMPLETE_D4_TOTAL_DIRECT_MEDICAL_SAVINGS_NOT_HEADLINE
S6,2043,1216272.529532875,151769.94214758274,905678075.0699482,0.12478284139646888,INCOMPLETE_D4_TOTAL_DIRECT_MEDICAL_SAVINGS_NOT_HEADLINE
S6,2044,1220574.0843246914,154290.40565957423,919511577.3735602,0.1264080629279776,INCOMPLETE_D4_TOTAL_DIRECT_MEDICAL_SAVINGS_NOT_HEADLINE
S6,2045,1222707.05385481,156246.65960812184,930603427.8344549,0.1277874852488381,INCOMPLETE_D4_TOTAL_DIRECT_MEDICAL_SAVINGS_NOT_HEADLINE
S6,2046,1222481.7560162165,157681.34803557818,938943435.4211082,0.12898462268216174,INCOMPLETE_D4_TOTAL_DIRECT_MEDICAL_SAVINGS_NOT_HEADLINE
S6,2047,1220206.8225110185,158681.661247543,944906518.9927502,0.13004488937457168,INCOMPLETE_D4_TOTAL_DIRECT_MEDICAL_SAVINGS_NOT_HEADLINE
S6,2048,1216394.7710381376,159363.18116212043,949129988.1258152,0.13101271475058315,INCOMPLETE_D4_TOTAL_DIRECT_MEDICAL_SAVINGS_NOT_HEADLINE
S6,2049,1212078.960119319,160058.12713260727,953297586.2669077,0.13205255795946735,INCOMPLETE_D4_TOTAL_DIRECT_MEDICAL_SAVINGS_NOT_HEADLINE
S6,2050,1207456.3334097185,160913.0724473633,958260171.4623705,0.13326616292032953,INCOMPLETE_D4_TOTAL_DIRECT_MEDICAL_SAVINGS_NOT_HEADLINE
S7,2025,45796.01030431629,0.0,0.0,0.0,INCOMPLETE_D4_TOTAL_DIRECT_MEDICAL_SAVINGS_NOT_HEADLINE
S7,2026,292879.65851671674,7715.562263557975,32614404.33069665,0.026343796980074642,INCOMPLETE_D4_TOTAL_DIRECT_MEDICAL_SAVINGS_NOT_HEADLINE
S7,2027,519136.28939559433,26706.823811117647,112669388.99501055,0.05144472531907012,INCOMPLETE_D4_TOTAL_DIRECT_MEDICAL_SAVINGS_NOT_HEADLINE
S7,2028,774174.3492963843,61131.21595426182,283054015.5414702,0.07896311213336053,INCOMPLETE_D4_TOTAL_DIRECT_MEDICAL_SAVINGS_NOT_HEADLINE
S7,2029,1057063.0922913442,110257.16810551846,532238557.0016246,0.10430519134531446,INCOMPLETE_D4_TOTAL_DIRECT_MEDICAL_SAVINGS_NOT_HEADLINE
S7,2030,1218605.9213945288,129465.96471268324,661997290.7857834,0.10624104350693377,INCOMPLETE_D4_TOTAL_DIRECT_MEDICAL_SAVINGS_NOT_HEADLINE
S7,2031,1263561.3109912807,136264.5472325398,734160904.5220351,0.10784165837242868,INCOMPLETE_D4_TOTAL_DIRECT_MEDICAL_SAVINGS_NOT_HEADLINE
S7,2032,1313188.8142073106,144404.8667149148,814597774.2085098,0.10996504474650351,INCOMPLETE_D4_TOTAL_DIRECT_MEDICAL_SAVINGS_NOT_HEADLINE
S7,2033,1370108.3223961801,155160.5559457898,910117923.4541883,0.1132469261075867,INCOMPLETE_D4_TOTAL_DIRECT_MEDICAL_SAVINGS_NOT_HEADLINE
S7,2034,1430815.8130556792,166635.08387470414,1012611221.7962699,0.11646158950314847,INCOMPLETE_D4_TOTAL_DIRECT_MEDICAL_SAVINGS_NOT_HEADLINE
S7,2035,1483860.4564098462,172666.50110712566,1048041480.7449415,0.11636303155142151,INCOMPLETE_D4_TOTAL_DIRECT_MEDICAL_SAVINGS_NOT_HEADLINE
S7,2036,1534552.6081892464,178380.18924294354,1081289216.7985137,0.11624247242551691,INCOMPLETE_D4_TOTAL_DIRECT_MEDICAL_SAVINGS_NOT_HEADLINE
S7,2037,1582395.2389035807,183495.20054067994,1110904766.7306547,0.11596040990860233,INCOMPLETE_D4_TOTAL_DIRECT_MEDICAL_SAVINGS_NOT_HEADLINE
S7,2038,1627424.9562401883,188783.26140887314,1140600173.61347,0.11600120834143765,INCOMPLETE_D4_TOTAL_DIRECT_MEDICAL_SAVINGS_NOT_HEADLINE
S7,2039,1669650.1184011167,194423.0425678065,1171288796.7031727,0.11644538003805796,INCOMPLETE_D4_TOTAL_DIRECT_MEDICAL_SAVINGS_NOT_HEADLINE
S7,2040,1683501.1993736038,199891.76445581496,1200525143.0657377,0.11873574223183837,INCOMPLETE_D4_TOTAL_DIRECT_MEDICAL_SAVINGS_NOT_HEADLINE
S7,2041,1695515.5333893185,205086.10594080662,1228448729.7038512,0.12095796346426951,INCOMPLETE_D4_TOTAL_DIRECT_MEDICAL_SAVINGS_NOT_HEADLINE
S7,2042,1706026.6576175103,209762.32633800048,1253890346.2660122,0.1229537213861221,INCOMPLETE_D4_TOTAL_DIRECT_MEDICAL_SAVINGS_NOT_HEADLINE
S7,2043,1714669.91945424,213961.3846065537,1276801797.5610132,0.12478284139646842,INCOMPLETE_D4_TOTAL_DIRECT_MEDICAL_SAVINGS_NOT_HEADLINE
S7,2044,1720734.1414351843,217514.6696328575,1296303915.4702408,0.12640806292797713,INCOMPLETE_D4_TOTAL_DIRECT_MEDICAL_SAVINGS_NOT_HEADLINE
S7,2045,1723741.1473517048,220272.5464400205,1311940922.6989458,0.12778748524883768,INCOMPLETE_D4_TOTAL_DIRECT_MEDICAL_SAVINGS_NOT_HEADLINE
S7,2046,1723423.5282183494,222295.13350880292,1323698452.1914082,0.12898462268216127,INCOMPLETE_D4_TOTAL_DIRECT_MEDICAL_SAVINGS_NOT_HEADLINE
S7,2047,1720216.3851189162,223705.34950311415,1332105054.9709785,0.13004488937457115,INCOMPLETE_D4_TOTAL_DIRECT_MEDICAL_SAVINGS_NOT_HEADLINE
S7,2048,1714842.2524033885,224666.1388563718,1338059193.7863896,0.13101271475058265,INCOMPLETE_D4_TOTAL_DIRECT_MEDICAL_SAVINGS_NOT_HEADLINE
S7,2049,1708757.932499039,225645.85592002812,1343934567.1055992,0.13205255795946685,INCOMPLETE_D4_TOTAL_DIRECT_MEDICAL_SAVINGS_NOT_HEADLINE
S7,2050,1702241.0715362567,226851.13596902625,1350930692.8510823,0.13326616292032903,INCOMPLETE_D4_TOTAL_DIRECT_MEDICAL_SAVINGS_NOT_HEADLINE
