sex,age_group,low_prev_parent,moderate_prev_parent,high_prev_parent,low_prev_cvd,moderate_prev_cvd,high_prev_cvd,low_difference,moderate_difference,high_difference
Female,20-24,0.5337690631808278,0.3224400871459695,0.1437908496732026,0.5337690631808278,0.3224400871459695,0.1437908496732026,0.0,0.0,0.0
Female,25-29,0.5369369369369369,0.3099099099099099,0.15315315315315314,0.5369369369369369,0.3099099099099099,0.1531531531531531,0.0,0.0,5.551115123125783e-17
Female,30-34,0.620754716981132,0.2641509433962264,0.11509433962264151,0.620754716981132,0.2641509433962264,0.1150943396226415,0.0,0.0,1.3877787807814457e-17
Female,35-39,0.6414762741652021,0.22671353251318102,0.13181019332161686,0.6414762741652021,0.226713532513181,0.1318101933216169,0.0,2.7755575615628914e-17,-2.7755575615628914e-17
Female,40-44,0.5676229508196722,0.2889344262295082,0.14344262295081966,0.5676229508196722,0.2889344262295082,0.1434426229508197,0.0,0.0,-2.7755575615628914e-17
Female,45-49,0.5372460496613995,0.27765237020316025,0.18510158013544017,0.5372460496613995,0.2776523702031602,0.1851015801354402,0.0,5.551115123125783e-17,-2.7755575615628914e-17
Female,50-54,0.4965034965034965,0.32400932400932403,0.1794871794871795,0.4965034965034965,0.324009324009324,0.1794871794871795,0.0,5.551115123125783e-17,0.0
Female,55-59,0.5116279069767442,0.29534883720930233,0.1930232558139535,0.5116279069767442,0.2953488372093023,0.1930232558139535,0.0,5.551115123125783e-17,0.0
Male,20-24,0.4211618257261411,0.3008298755186722,0.27800829875518673,0.4211618257261411,0.3008298755186722,0.2780082987551867,0.0,0.0,5.551115123125783e-17
Male,25-29,0.5017857142857143,0.26785714285714285,0.23035714285714284,0.5017857142857143,0.2678571428571428,0.2303571428571428,0.0,5.551115123125783e-17,5.551115123125783e-17
Male,30-34,0.47191011235955055,0.2940074906367041,0.2340823970037453,0.4719101123595505,0.2940074906367041,0.2340823970037453,5.551115123125783e-17,0.0,0.0
Male,35-39,0.5308641975308642,0.24867724867724866,0.2204585537918871,0.5308641975308642,0.2486772486772487,0.2204585537918871,0.0,-2.7755575615628914e-17,0.0
Male,40-44,0.520242914979757,0.24493927125506074,0.23481781376518218,0.520242914979757,0.2449392712550607,0.2348178137651822,0.0,2.7755575615628914e-17,-2.7755575615628914e-17
Male,45-49,0.43412526997840173,0.28077753779697623,0.28509719222462204,0.4341252699784017,0.2807775377969762,0.285097192224622,5.551115123125783e-17,5.551115123125783e-17,5.551115123125783e-17
Male,50-54,0.4252136752136752,0.28205128205128205,0.29273504273504275,0.4252136752136752,0.282051282051282,0.2927350427350427,0.0,5.551115123125783e-17,5.551115123125783e-17
Male,55-59,0.49166666666666664,0.25416666666666665,0.25416666666666665,0.4916666666666666,0.2541666666666667,0.2541666666666667,5.551115123125783e-17,-5.551115123125783e-17,-5.551115123125783e-17
Female,60-64,0.5257036666300087,0.31460112720506966,0.15969520616492178,0.5257036666300087,0.3146011272050697,0.1596952061649218,0.0,-5.551115123125783e-17,-2.7755575615628914e-17
Female,65-69,0.4759927467300399,0.32941691703990567,0.19459033623005434,0.4759927467300399,0.3294169170399057,0.1945903362300543,0.0,-5.551115123125783e-17,2.7755575615628914e-17
Female,70+,0.5699392923882063,0.2303493597301961,0.19971134788159772,0.5699392923882063,0.2303493597301961,0.1997113478815977,0.0,0.0,2.7755575615628914e-17
Male,60-64,0.5098759304679671,0.24833341360118952,0.24179065593084348,0.5098759304679671,0.2483334136011895,0.2417906559308435,0.0,2.7755575615628914e-17,-2.7755575615628914e-17
Male,65-69,0.5175181904622614,0.23904623268969902,0.24343557684803938,0.5175181904622614,0.239046232689699,0.2434355768480394,0.0,2.7755575615628914e-17,-2.7755575615628914e-17
Male,70+,0.6138267689767327,0.2583034543335534,0.12786977668971386,0.6138267689767327,0.2583034543335534,0.1278697766897139,0.0,0.0,-2.7755575615628914e-17
