horizon_years,perspective,wtp_cny_per_daly,ceaf_scenario_id,ceaf_probability,maximum_expected_nmb_2025_cny,n_draws,result_status
5,PROGRAMME_ONLY,50000,S4,0.7069,44342193460.93765,10000,FORMAL_PSA
5,PROGRAMME_ONLY,100000,S4,0.5411,90292100199.44742,10000,FORMAL_PSA
5,PROGRAMME_ONLY,150000,S6,0.4924,137432733506.77065,10000,FORMAL_PSA
5,PARTIAL_PUBLIC_PAYER,50000,S4,0.6993,45572749156.89468,10000,FORMAL_PSA
5,PARTIAL_PUBLIC_PAYER,100000,S4,0.5383,91522655895.4037,10000,FORMAL_PSA
5,PARTIAL_PUBLIC_PAYER,150000,S6,0.4937,138806177477.5583,10000,FORMAL_PSA
10,PROGRAMME_ONLY,50000,S6,0.8698,268014161127.121,10000,FORMAL_PSA
10,PROGRAMME_ONLY,100000,S6,0.9027,561932485115.5751,10000,FORMAL_PSA
10,PROGRAMME_ONLY,150000,S6,0.9128,855850809104.0336,10000,FORMAL_PSA
10,PARTIAL_PUBLIC_PAYER,50000,S6,0.8721,276912342953.6605,10000,FORMAL_PSA
10,PARTIAL_PUBLIC_PAYER,100000,S6,0.9031,570830666942.115,10000,FORMAL_PSA
10,PARTIAL_PUBLIC_PAYER,150000,S6,0.9136,864748990930.5765,10000,FORMAL_PSA
26,PROGRAMME_ONLY,50000,S6,0.9822,1414438150339.9055,10000,FORMAL_PSA
26,PROGRAMME_ONLY,100000,S6,0.984,2877155073360.0356,10000,FORMAL_PSA
26,PROGRAMME_ONLY,150000,S6,0.9846,4339871996380.173,10000,FORMAL_PSA
26,PARTIAL_PUBLIC_PAYER,50000,S6,0.9823,1457331520501.0933,10000,FORMAL_PSA
26,PARTIAL_PUBLIC_PAYER,100000,S6,0.9841,2920048443521.2407,10000,FORMAL_PSA
26,PARTIAL_PUBLIC_PAYER,150000,S6,0.9846,4382765366541.362,10000,FORMAL_PSA
