horizon_years,scenario_id,discounted_dalys_averted,discounted_programme_cost_2025_cny,icer_vs_s0_programme_only_cny_per_daly
5,S1,186048.54520487852,837341331.959587,4500.660464920584
5,S2,558145.6356146471,4669916606.170041,8366.84246581519
5,S3,455818.9357519586,8898385997.668415,19521.755898510142
5,S4,930242.7260244148,1615312775.3605602,1736.442253371799
5,S5,446516.5084917256,865875479.752685,1939.1790970450324
5,S6,1041871.85314733,16484396828.946089,15821.904372547671
10,S1,768603.9698440209,1525134969.0604966,1984.292338966197
10,S2,2305811.909532096,11525340716.488886,4998.387192313379
10,S3,2621665.4316120604,9184844338.210854,3503.438778823543
10,S4,3843019.849220172,3481608196.351806,905.956339793118
10,S5,1844649.5276256849,1474928066.6948874,799.5708911672348
10,S6,5992378.129398994,25962906334.410618,4332.654878208524
