horizon_years,perspective,wtp_cny_per_daly,current_information_optimal_scenario,maximum_expected_nmb_2025_cny,expected_nmb_with_perfect_information_2025_cny,evpi_2025_cny,n_draws,result_status
5,PROGRAMME_ONLY,50000,S4,44342193460.93765,47035659256.31601,2693465795.378357,10000,FORMAL_PSA
5,PROGRAMME_ONLY,100000,S4,90292100199.44742,100271287255.52315,9979187056.07573,10000,FORMAL_PSA
5,PROGRAMME_ONLY,150000,S6,137432733506.77065,154523005109.59436,17090271602.823715,10000,FORMAL_PSA
5,PARTIAL_PUBLIC_PAYER,50000,S4,45572749156.89468,48426492021.292435,2853742864.3977585,10000,FORMAL_PSA
5,PARTIAL_PUBLIC_PAYER,100000,S4,91522655895.4037,101715746847.4964,10193090952.092697,10000,FORMAL_PSA
5,PARTIAL_PUBLIC_PAYER,150000,S6,138806177477.5583,155979494182.5226,17173316704.964325,10000,FORMAL_PSA
10,PROGRAMME_ONLY,50000,S6,268014161127.121,272499138610.3538,4484977483.232788,10000,FORMAL_PSA
10,PROGRAMME_ONLY,100000,S6,561932485115.5751,568285748033.2097,6353262917.634644,10000,FORMAL_PSA
10,PROGRAMME_ONLY,150000,S6,855850809104.0336,864321080998.899,8470271894.8654785,10000,FORMAL_PSA
10,PARTIAL_PUBLIC_PAYER,50000,S6,276912342953.6605,281431118189.1967,4518775235.536194,10000,FORMAL_PSA
10,PARTIAL_PUBLIC_PAYER,100000,S6,570830666942.115,577237452357.3477,6406785415.232666,10000,FORMAL_PSA
10,PARTIAL_PUBLIC_PAYER,150000,S6,864748990930.5765,873276925841.3594,8527934910.782837,10000,FORMAL_PSA
26,PROGRAMME_ONLY,50000,S6,1414438150339.9055,1416500482046.0835,2062331706.1779785,10000,FORMAL_PSA
26,PROGRAMME_ONLY,100000,S6,2877155073360.0356,2880589146755.7407,3434073395.705078,10000,FORMAL_PSA
26,PROGRAMME_ONLY,150000,S6,4339871996380.173,4344707033416.7,4835037036.527344,10000,FORMAL_PSA
26,PARTIAL_PUBLIC_PAYER,50000,S6,1457331520501.0933,1459435142990.3296,2103622489.2363281,10000,FORMAL_PSA
26,PARTIAL_PUBLIC_PAYER,100000,S6,2920048443521.2407,2923526126601.2446,3477683080.0039062,10000,FORMAL_PSA
26,PARTIAL_PUBLIC_PAYER,150000,S6,4382765366541.362,4387644271086.8433,4878904545.481445,10000,FORMAL_PSA
