年份,S1–S5合计_CNY,13项协调活动总成本_CNY,共享资源排重平衡项_CNY,重构S6_CNY,锁定S6_CNY,差额_CNY,净整合调整_CNY,净整合系数k_t,排重占S1–S5比例,recomputed_cost,recomputed_S6,difference_from_locked,frozen_unrounded_S6,discounted_S6
2025,984000000,15401673.690575,22476673.690575,976925000,976925000,0,-7075000,0.9928099593495936,0.0228421480595274,15401673.690575,976925000.0,0.0,976964360.811,976964360.811
2026,3533000000,13348321.45364,27421321.45364,3518927000,3518927000,0,-14073000,0.99601669968865,0.0077614835702349,13348321.453639999,3518927000.0,0.0,3519004057.621,3416508793.806796
2027,4081000000,14013130.593565,36084130.593565,4058929000,4058929000,0,-22071000,0.9945917667238422,0.0088419825027113,14013130.593565,4058929000.0,0.0,4058568461.569,3825590028.814214
2028,4549000000,13609625.070815,209678625.070815,4352931000,4352931000,0,-196069000,0.9568984392174104,0.046093344706708,13609625.070815,4352931000.0,0.0,4352804276.217001,3983432528.176755
2029,5023000000,13561453.700815,217628453.700815,4818933000,4818933000,0,-204067000,0.9593734819828788,0.0433263893491568,13561453.700815,4818933000.0,0.0,4819317431.112,4281901117.337322
2030,2533000000,11712526.33042,214472526.33042,2330240000,2330240000,0,-202760000,0.9199526253454402,0.0846713487289459,11712526.33042,2330240000.0,0.0,2329532998.072,2009475627.649685
2031,2533000000,15262297.70042,219029297.70042,2329233000,2329233000,0,-203767000,0.9195550730359258,0.0864703109752941,15262297.70042,2329233000.0,0.0,2329412998.072,1950846713.1995716
2032,2533000000,12442026.33042,216216026.33042,2329226000,2329226000,0,-203774000,0.9195523095144098,0.0853596629808211,12442026.33042,2329226000.0,0.0,2329412998.072,1894025935.145215
2033,2533000000,12150226.33042,215931226.33042,2329219000,2329219000,0,-203781000,0.9195495459928938,0.0852472271339992,12150226.33042,2329219000.0,0.0,2329412998.072,1838860131.2089465
2034,2533000000,11712526.33042,215499526.33042,2329213000,2329213000,0,-203787000,0.9195471772601658,0.0850767968142202,11712526.33042,2329213000.0,0.0,2329412998.072,1785301098.261113
